Workbook
Name FIELD: #REF!
Name FIELD: #REF!
Name FIELD: #REF!
Name FIELD: #REF!
Name FIELD: #REF!
Name FIELD: #REF!
Name FIELD: #REF!
Name Speeds: Tracking!#REF!

Sheet ToDo
B1: PLC | D1: HMI
A2: 1
A3: 2
A4: 3
A5: 4
A6: 5
A7: 6
A8: 7
A9: 8
A10: 9
A11: 10
A12: 11
A13: 12
... A31: 30
B33: Schematics/BOM
A35: 1 | B35: LASER ENCLOSURE
A36: 2 | B36: CABLES FOR CONTROL BUTTONS AND LAMPS
A37: 3 | B37: IN LINE SOCKETS FOR DUST EXTRACTION | D37: MOTION SCALING
A38: 4 | D38: 18849556 | E38: Units at the load
A39: 5 | D39: 100000 | E39: Motor revolutions
A40: 6 | D40: Rotation carriage
A41: 7 | D41: 23750 | E41: Units at the load
A42: 8 | D42: 10 | E42: Motor revolutions
A43: 9
A44: 10
A45: 11
A46: 12
A47: 13 | B47: JOB SPECIFIC
A49: 1
A50: 2
B53: PLC | D53: HMI
A54: 1 | B54: TRACK SIZE DATA - IMPLEMENT IN PROGRAM GENERATION | C54: 1 | D54: RUNTIME COMPLETION FOR ACCEL AND DECEL PARAMETERS
A55: 2 | B55: S16 OVERRIDE FOR CENTERING - ADD END CONDITION? | C55: 2
A56: 3 | B56: CREATE SIMULATION DATA TYPE | C56: 3 | D56: PORTRAIT BATCHING DISPLAY
A57: 4 | B57: SET OUTPUTS, E.G. SOL35LASER, ETC….. | C57: 4 | D57: BatchData Ln114 Remove Comments
A58: 5 | B58: WILL MAX REMAINING DISPLAY WORK? NO | C58: 5 | D58: Footpedal Start for Next and Confirm
A59: 6 | B59: PAUSE PROGRAMMING | C59: 6
A60: 7 | B60: INVERTER RESET PROGRAM | C60: 7
A61: 8 | B61: EPLCOMMS PROGRAM | C61: 8
A62: 9 | B62: Scale delays for washer exit. | C62: 9
A63: 10 | B63: Stop centering with S18 | C63: 10
A64: 11 | C64: 11
A65: 12 | B65: VISCONTROL PACKAGE - ADD Config.VersionText AND ROW/LOAD LIMITS (See LineConfig) | C65: 12
A66: 13 | B66: Ax*.Seek1 AND Ax*.Active AS N42 | C66: 13
A67: 14 | B67: IF CV2.o.Rev[i] = TRUE THEN CV2.Output.CMDD_03 := TRUE ; | C67: 14
A68: 15 | B68: Furnace Ready input control | C68: 15
A69: 16 | C69: 16
A70: 17 | C70: 17
A71: 18 | C71: 18
A72: 19 | C72: 19
A73: 20 | C73: 20
B75: Testing: | D75: Manuals
C76: A | D76: SCHEMATICS - ADD MAINS ON LAMP (DC) TO MANUAL BATCHING DRAWINGS. | F76: 1
A77: 1 | B77: SWAP S100Reed.In TO X2X10.P16 | C77: B | D77: PLC IO | F77: 2
A78: 2 | B78: SWAP Sol20DT1 TO X2X10.P9 | C78: C | D78: HMI | F78: 3
A79: 3 | B79: CHECK X2X18RM6 MAPPING | C79: D | D79: MIMIC | F79: 4
A80: 4 | B80: BLOCK UNTIL FLIP ARMS ARE RAISED | C80: E | D80: SETTINGS | F80: 5
A81: 5 | B81: ALL START AFTER ESTOP | C81: F | D81: DRIVES | F81: 6
A82: 6 | C82: G | D82: SERVOS | F82: 7
A83: 7 | C83: H | D83: OPTIONS | F83: 8
A84: 8 | C84: J | D84: REMOTE IO | F84: 9
A85: 9 | C85: K | D85: INVERTERS | F85: 10
A86: 10 | C86: L | D86: RECOVERY | F86: 11
A87: 11 | C87: M | D87: DEFAULTS | F87: 12
A88: 12 | C88: N | D88: INTERFACE | F88: 13
A89: 13 | C89: P | D89: CF CARD | F89: 14
A90: 14 | C90: R | D90: VNC | F90: 15
A91: 15 | C91: S | D91: PIVOT CONVEYOR
B92: Map X67 inputs correctly to ACOPOS modules. | C92: T | D92: TILT TABLE
C93: U | D93: THREE SIDED
C94: V | D94: MODES
C95: W | D95: WASHER HEIGHT

Sheet IO
B2: Key | D2: Input | F2: Input | H2: Output | J2: Output | L2: DC Supply Only
A3: POWERLINK X20 PANEL RACK
B4: PS | D4: IP | F4: IP | H4: OP | J4: PD | L4: PD
A5: BIT | B5: ST1 | D5: ST2 | F5: ST3 | H5: ST4 | J5: ST5 | L5: ST6 | N5: BIT
A6: 01 | B6: X20 POWER SUPPLY MODULE | D6: =BRMem!B1 -> Control.Start | E6: 200 | F6: =BRMem!B13 -> MS9Vac1.Trip | G6: =E17+1 -> 212 | H6: =BRMem!E1 -> Control.Buzzer | I6: 600 | J6: X20 +24VDC POTENTIAL DISTRIBUTION | L6: X20 GND POTENTIAL DISTRIBUTION | N6: 01
A7: 02 | D7: =BRMem!B2 -> Control.Stop | E7: =E6+1 -> 201 | F7: =BRMem!B14 -> MS10Vac2.Trip | G7: =G6+1 -> 213 | H7: =BRMem!E2 -> Control.OnLmp1 | I7: =I6+1 -> 601 | N7: 02
A8: 03 | D8: =BRMem!B3 -> Control.EStop1 | E8: =E7+1 -> 202 | F8: =BRMem!B15 -> MS11Vac3.Trip | G8: =G7+1 -> 214 | H8: =BRMem!E3 -> 0 | I8: =I7+1 -> 602 | N8: 03
A9: 04 | D9: =BRMem!B4 -> 0 | E9: =E8+1 -> 203 | F9: =BRMem!B16 -> MS12Vac4.Trip | G9: =G8+1 -> 215 | H9: =BRMem!E4 -> 0 | I9: =I8+1 -> 603 | N9: 04
A10: 05 | D10: =BRMem!B5 -> MS1Belt1.Trip | E10: =E9+1 -> 204 | F10: =BRMem!B17 -> MS13Water1.Trip | G10: =G9+1 -> 216 | H10: =BRMem!E5 -> 0 | I10: =I9+1 -> 604 | N10: 05
A11: 06 | D11: =BRMem!B6 -> MS2Belt2.Trip | E11: =E10+1 -> 205 | F11: =BRMem!B18 -> MS14Water2.Trip | G11: =G10+1 -> 217 | H11: =BRMem!E6 -> 0 | I11: =I10+1 -> 605 | N11: 06
A12: 07 | D12: =BRMem!B7 -> MS3Belt3.Trip | E12: =E11+1 -> 206 | F12: =BRMem!B19 -> 0 | G12: =G11+1 -> 218 | H12: =BRMem!E7 -> 0 | I12: =I11+1 -> 606 | N12: 07
A13: 08 | D13: =BRMem!B8 -> MS4Belt4.Trip | E13: =E12+1 -> 207 | F13: =BRMem!B20 -> 0 | G13: =G12+1 -> 219 | H13: =BRMem!E8 -> Sol37Spray | I13: =I12+1 -> 607 | N13: 08
A14: 09 | D14: =BRMem!B9 -> MS5Belt5.Trip | E14: =E13+1 -> 208 | F14: =BRMem!B21 -> 0 | G14: =G13+1 -> 220 | H14: =BRMem!E9 -> Sol47Spray | I14: =I13+1 -> 608 | N14: 09
A15: 10 | D15: =BRMem!B10 -> MS6Belt6.Trip | E15: =E14+1 -> 209 | F15: =BRMem!B22 -> 0 | G15: =G14+1 -> 221 | H15: =BRMem!E10 -> Sol53Recirc | I15: =I14+1 -> 609 | N15: 10
A16: 11 | D16: =BRMem!B11 -> MS7Belt7.Trip | E16: =E15+1 -> 210 | F16: =BRMem!B23 -> 0 | G16: =G15+1 -> 222 | H16: =BRMem!E11 -> Sol24DG1B | I16: =I15+1 -> 610 | N16: 11
A17: 12 | D17: =BRMem!B12 -> MS8Belt8.Trip | E17: =E16+1 -> 211 | F17: =BRMem!B24 -> ClearBatch.In | G17: =G16+1 -> 223 | H17: =BRMem!E12 -> Filstar | I17: =I16+1 -> 611 | N17: 12
A18: 13 | N18: 13
A19: 14 | N19: 14
A20: 15 | N20: 15
A21: 16 | N21: 16
A22: NO | B22: =(B5) -> ST1 | D22: =(D5) -> ST2 | F22: =(F5) -> ST3 | H22: =H5 -> ST4 | J22: =J5 -> ST5 | L22: =(L5) -> ST6 | N22: NO
A24: POWERLINK X20 PANEL RACK
B25: PD | D25: OP | F25: BT
A26: BIT | B26: ST7 | D26: ST8 | F26: ST9 | N26: BIT
A27: 01 | B27: X20 GND POTENTIAL DISTRIBUTION | D27: =BRMem!E13 -> MS1Belt1 | E27: =I17+1 -> 612 | F27: X2X BUS TRANSMITTER | N27: 01
A28: 02 | D28: =BRMem!E14 -> MS2Belt2 | E28: =E27+1 -> 613 | N28: 02
A29: 03 | D29: =BRMem!E15 -> MS3Belt3 | E29: =E28+1 -> 614 | N29: 03
A30: 04 | D30: =BRMem!E16 -> MS4Belt4 | E30: =E29+1 -> 615 | N30: 04
A31: 05 | D31: =BRMem!E17 -> MS5Belt5 | E31: =E30+1 -> 616 | N31: 05
A32: 06 | D32: =BRMem!E18 -> MS6Belt6 | E32: =E31+1 -> 617 | N32: 06
A33: 07 | D33: =BRMem!E19 -> MS7Belt7 | E33: =E32+1 -> 618 | N33: 07
A34: 08 | D34: =BRMem!E20 -> MS8Belt8 | E34: =E33+1 -> 619 | N34: 08
A35: 09 | D35: =BRMem!E21 -> MS9Vac1 | E35: =E34+1 -> 620 | N35: 09
A36: 10 | D36: =BRMem!E22 -> MS10Vac2 | E36: =E35+1 -> 621 | N36: 10
A37: 11 | D37: =BRMem!E23 -> MS11Vac3 | E37: =E36+1 -> 622 | N37: 11
A38: 12 | D38: =BRMem!E24 -> MS12Vac4 | E38: =E37+1 -> 623 | N38: 12
A39: 13 | D39: =BRMem!E25 -> MS13Water1 | E39: =E38+1 -> 624 | N39: 13
A40: 14 | D40: =BRMem!E26 -> MS14Water2 | E40: =E39+1 -> 625 | N40: 14
A41: 15 | D41: =BRMem!E27 -> 0 | E41: =E40+1 -> 626 | N41: 15
A42: 16 | D42: =BRMem!E28 -> 0 | E42: =E41+1 -> 627 | N42: 16
A43: NO | B43: =(B26) -> ST7 | D43: =(D26) -> ST8 | F43: =(F26) -> ST9 | N43: NO
A45: X2X X67 REMOTE I/O
B46: MIXED | D46: MIXED | F46: INPUT | H46: MIXED | J46: MIXED | L46: INPUT
A47: BIT | B47: =BRMem!G2 -> ST10 | D47: =BRMem!G18 -> ST11 | F47: =BRMem!G34 -> ST12 | H47: =BRMem!G50 -> ST13 | J47: =BRMem!G66 -> ST14 | L47: =BRMem!G82 -> ST15 | N47: BIT
A48: 01 | B48: =BRMem!H1 -> S45Foot.In | C48: 224 | D48: =BRMem!H17 -> S81Photo.In | E48: =C63+1 -> 240 | F48: =BRMem!H33 -> Servo1POT | G48: =E63+1 -> 256 | H48: =BRMem!H49 -> S4Photo.In | I48: =G63+1 -> 272 | J48: =BRMem!H65 -> Sol10Blt5 | K48: =I63+1 -> 288 | L48: =BRMem!H81 -> Servo2POT | M48: =K63+1 -> 304 | N48: 01
A49: 02 | B49: =BRMem!H2 -> S1Photo.In | C49: =C48+1 -> 225 | D49: =BRMem!H18 -> S82Photo.In | E49: =E48+1 -> 241 | F49: =BRMem!H34 -> Servo1NOT | G49: =G48+1 -> 257 | H49: =BRMem!H50 -> S5Photo.In | I49: =I48+1 -> 273 | J49: =BRMem!H66 -> Sol11Blt6 | K49: =K48+1 -> 289 | L49: =BRMem!H82 -> Servo2NOT | M49: =M48+1 -> 305 | N49: 02
A50: 03 | B50: =BRMem!H3 -> S2Photo.In | C50: =C49+1 -> 226 | D50: =BRMem!H19 -> S83Photo.In | E50: =E49+1 -> 242 | F50: =BRMem!H35 -> S80Origin.In | G50: =G49+1 -> 258 | H50: =BRMem!H51 -> S6Photo.In | I50: =I49+1 -> 274 | J50: =BRMem!H67 -> Sol14Arm6 | K50: =K49+1 -> 290 | L50: =BRMem!H83 -> S90Origin.In | M50: =M49+1 -> 306 | N50: 03
A51: 04 | B51: =BRMem!H4 -> S56Lever.In | C51: =C50+1 -> 227 | D51: =BRMem!H20 -> S84Photo.In | E51: =E50+1 -> 243 | F51: =BRMem!H36 -> S101Reed.In | G51: =G50+1 -> 259 | H51: =BRMem!H52 -> S9Photo.In | I51: =I50+1 -> 275 | J51: =BRMem!H68 -> Sol15Arm7 | K51: =K50+1 -> 291 | L51: =BRMem!H84 -> S12Photo.In | M51: =M50+1 -> 307 | N51: 04
A52: 05 | B52: =BRMem!H5 -> S30Reed.In | C52: =C51+1 -> 228 | D52: =BRMem!H21 -> Sol3Blt3 | E52: =E51+1 -> 244 | F52: =BRMem!H37 -> S104Reed.In | G52: =G51+1 -> 260 | H52: =BRMem!H53 -> S32Reed.In | I52: =I51+1 -> 276 | J52: =BRMem!H69 -> Sol22DT3 | K52: =K51+1 -> 292 | L52: =BRMem!H85 -> S13Photo.In | M52: =M51+1 -> 308 | N52: 05
A53: 06 | B53: =BRMem!H6 -> S31Reed.In | C53: =C52+1 -> 229 | D53: =BRMem!H22 -> Sol4Blt4 | E53: =E52+1 -> 245 | F53: =BRMem!H38 -> S105Reed.In | G53: =G52+1 -> 261 | H53: =BRMem!H54 -> S33Reed.In | I53: =I52+1 -> 277 | J53: =BRMem!H70 -> S7Photo.In | K53: =K52+1 -> 293 | L53: =BRMem!H86 -> S34Reed.In | M53: =M52+1 -> 309 | N53: 06
A54: 07 | B54: =BRMem!H7 -> LaserBusy | C54: =C53+1 -> 230 | D54: =BRMem!H23 -> Sol21DT2 | E54: =E53+1 -> 246 | F54: =BRMem!H39 -> S106Reed.In | G54: =G53+1 -> 262 | H54: =BRMem!H55 -> S50Reed.In | I54: =I53+1 -> 278 | J54: =BRMem!H71 -> S64Float.In | K54: =K53+1 -> 294 | L54: =BRMem!H87 -> S35Reed.In | M54: =M53+1 -> 310 | N54: 07
A55: 08 | B55: =BRMem!H8 -> LaserFire | C55: =C54+1 -> 231 | D55: =BRMem!H24 -> S3Photo.In | E55: =E54+1 -> 247 | F55: =BRMem!H40 -> S107Reed.In | G55: =G54+1 -> 263 | H55: =BRMem!H56 -> S102Reed.In | I55: =I54+1 -> 279 | J55: =BRMem!H72 -> S65Float.In | K55: =K54+1 -> 295 | L55: =BRMem!H88 -> 0 | M55: =M54+1 -> 311 | N55: 08
A56: 09 | B56: =BRMem!H9 -> S100Reed.In | C56: =C55+1 -> 232 | D56: =BRMem!H25 -> 0 | E56: =E55+1 -> 248 | F56: =BRMem!H41 -> S108Reed.In | G56: =G55+1 -> 264 | H56: =BRMem!H57 -> S103Reed.In | I56: =I55+1 -> 280 | J56: =BRMem!H73 -> 0 | K56: =K55+1 -> 296 | L56: =BRMem!H89 -> S120Reed.In | M56: =M55+1 -> 312 | N56: 09
A57: 10 | B57: =BRMem!H10 -> Sol1Blt1 | C57: =C56+1 -> 233 | D57: =BRMem!H26 -> 0 | E57: =E56+1 -> 249 | F57: =BRMem!H42 -> S109Reed.In | G57: =G56+1 -> 265 | H57: =BRMem!H58 -> Sol30Pal1 | I57: =I56+1 -> 281 | J57: =BRMem!H74 -> 0 | K57: =K56+1 -> 297 | L57: =BRMem!H90 -> S121Reed.In | M57: =M56+1 -> 313 | N57: 10
A58: 11 | B58: =BRMem!H11 -> Sol2Blt2 | C58: =C57+1 -> 234 | D58: =BRMem!H27 -> 0 | E58: =E57+1 -> 250 | F58: =BRMem!H43 -> S110Reed.In | G58: =G57+1 -> 266 | H58: =BRMem!H59 -> Sol31Pal2 | I58: =I57+1 -> 282 | J58: =BRMem!H75 -> 0 | K58: =K57+1 -> 298 | L58: =BRMem!H91 -> S122Reed.In | M58: =M57+1 -> 314 | N58: 11
A59: 12 | B59: =BRMem!H12 -> Sol5Arm1 | C59: =C58+1 -> 235 | D59: =BRMem!H28 -> 0 | E59: =E58+1 -> 251 | F59: =BRMem!H44 -> S111Reed.In | G59: =G58+1 -> 267 | H59: =BRMem!H60 -> Sol32Pal3 | I59: =I58+1 -> 283 | J59: =BRMem!H76 -> 0 | K59: =K58+1 -> 299 | L59: =BRMem!H92 -> S123Reed.In | M59: =M58+1 -> 315 | N59: 12
A60: 13 | B60: =BRMem!H13 -> Sol6Arm2 | C60: =C59+1 -> 236 | D60: =BRMem!H29 -> 0 | E60: =E59+1 -> 252 | F60: =BRMem!H45 -> S112Reed.In | G60: =G59+1 -> 268 | H60: =BRMem!H61 -> Sol33Pal4 | I60: =I59+1 -> 284 | J60: =BRMem!H77 -> 0 | K60: =K59+1 -> 300 | L60: =BRMem!H93 -> S124Reed.In | M60: =M59+1 -> 316 | N60: 13
A61: 14 | B61: =BRMem!H14 -> Sol7Arm3 | C61: =C60+1 -> 237 | D61: =BRMem!H30 -> 0 | E61: =E60+1 -> 253 | F61: =BRMem!H46 -> S113Reed.In | G61: =G60+1 -> 269 | H61: =BRMem!H62 -> Sol24DG1 | I61: =I60+1 -> 285 | J61: =BRMem!H78 -> 0 | K61: =K60+1 -> 301 | L61: =BRMem!H94 -> S125Reed.In | M61: =M60+1 -> 317 | N61: 14
A62: 15 | B62: =BRMem!H15 -> Sol8Arm4 | C62: =C61+1 -> 238 | D62: =BRMem!H31 -> 0 | E62: =E61+1 -> 254 | F62: =BRMem!H47 -> S114Reed.In | G62: =G61+1 -> 270 | H62: =BRMem!H63 -> Sol35Laser | I62: =I61+1 -> 286 | J62: =BRMem!H79 -> 0 | K62: =K61+1 -> 302 | L62: =BRMem!H95 -> S126Reed.In | M62: =M61+1 -> 318 | N62: 15
A63: 16 | B63: =BRMem!H16 -> Sol20DT1 | C63: =C62+1 -> 239 | D63: =BRMem!H32 -> 0 | E63: =E62+1 -> 255 | F63: =BRMem!H48 -> S115Reed.In | G63: =G62+1 -> 271 | H63: =BRMem!H64 -> Sol19Pump | I63: =I62+1 -> 287 | J63: =BRMem!H80 -> 0 | K63: =K62+1 -> 303 | L63: =BRMem!H96 -> S127Reed.In | M63: =M62+1 -> 319 | N63: 16
A64: NO | B64: =B47 -> ST10 | D64: =D47 -> ST11 | F64: =F47 -> ST12 | H64: =H47 -> ST13 | J64: =J47 -> ST14 | L64: =L47 -> ST15 | N64: NO
A66: X2X X67 REMOTE I/O
B67: MIXED | D67: INPUT | F67: MIXED
A68: BIT | B68: =BRMem!G98 -> ST16 | D68: =BRMem!G114 -> ST17 | F68: =BRMem!G130 -> ST18 | N68: BIT
A69: 01 | B69: =BRMem!H97 -> S91Photo.In | C69: =M63+1 -> 320 | D69: =BRMem!H113 -> S14Photo.In | E69: =C84+1 -> 336 | F69: =BRMem!H129 -> S19Photo.In | G69: =E84+1 -> 352 | N69: 01
A70: 02 | B70: =BRMem!H98 -> S92Photo.In | C70: =C69+1 -> 321 | D70: =BRMem!H114 -> S15Photo.In | E70: =E69+1 -> 337 | F70: =BRMem!H130 -> 0 | G70: =G69+1 -> 353 | N70: 02
A71: 03 | B71: =BRMem!H99 -> S93Photo.In | C71: =C70+1 -> 322 | D71: =BRMem!H115 -> S16Photo.In | E71: =E70+1 -> 338 | F71: =BRMem!H131 -> 0 | G71: =G70+1 -> 354 | N71: 03
A72: 04 | B72: =BRMem!H100 -> S94Photo.In | C72: =C71+1 -> 323 | D72: =BRMem!H116 -> S17Photo.In | E72: =E71+1 -> 339 | F72: =BRMem!H132 -> 0 | G72: =G71+1 -> 355 | N72: 04
A73: 05 | B73: =BRMem!H101 -> Sol12Blt7 | C73: =C72+1 -> 324 | D73: =BRMem!H117 -> S18Photo.In | E73: =E72+1 -> 340 | F73: =BRMem!H133 -> S21Photo.In | G73: =G72+1 -> 356 | N73: 05
A74: 06 | B74: =BRMem!H102 -> Sol13Blt8 | C74: =C73+1 -> 325 | D74: =BRMem!H118 -> S36Reed.In | E74: =E73+1 -> 341 | F74: =BRMem!H134 -> 0 | G74: =G73+1 -> 357 | N74: 06
A75: 07 | B75: =BRMem!H103 -> Sol23DT4 | C75: =C74+1 -> 326 | D75: =BRMem!H119 -> S37Reed.In | E75: =E74+1 -> 342 | F75: =BRMem!H135 -> S55Lever.In | G75: =G74+1 -> 358 | N75: 07
A76: 08 | B76: =BRMem!H104 -> S8Photo.In | C76: =C75+1 -> 327 | D76: =BRMem!H120 -> S57Lever.In | E76: =E75+1 -> 343 | F76: =BRMem!H136 -> WashRun.In | G76: =G75+1 -> 359 | N76: 08
A77: 09 | B77: =BRMem!H105 -> Sol40Datum | C77: =C76+1 -> 328 | D77: =BRMem!H121 -> 0 | E77: =E76+1 -> 344 | F77: =BRMem!H137 -> FurnReady.In | G77: =G76+1 -> 360 | N77: 09
A78: 10 | B78: =BRMem!H106 -> 0 | C78: =C77+1 -> 329 | D78: =BRMem!H122 -> 0 | E78: =E77+1 -> 345 | F78: =BRMem!H138 -> WashStop.Auto | G78: =G77+1 -> 361 | N78: 10
A79: 11 | B79: =BRMem!H107 -> 0 | C79: =C78+1 -> 330 | D79: =BRMem!H123 -> 0 | E79: =E78+1 -> 346 | F79: =BRMem!H139 -> BatchAtExit | G79: =G78+1 -> 362 | N79: 11
A80: 12 | B80: =BRMem!H108 -> 0 | C80: =C79+1 -> 331 | D80: =BRMem!H124 -> 0 | E80: =E79+1 -> 347 | F80: =BRMem!H140 -> S48Foot.In | G80: =G79+1 -> 363 | N80: 12
A81: 13 | B81: =BRMem!H109 -> S52Reed.In | C81: =C80+1 -> 332 | D81: =BRMem!H125 -> 0 | E81: =E80+1 -> 348 | F81: =BRMem!H141 -> S66PB.In | G81: =G80+1 -> 364 | N81: 13
A82: 14 | B82: =BRMem!H110 -> S53Reed.In | C82: =C81+1 -> 333 | D82: =BRMem!H126 -> 0 | E82: =E81+1 -> 349 | F82: =BRMem!H142 -> S58Lever.In | G82: =G81+1 -> 365 | N82: 14
A83: 15 | B83: =BRMem!H111 -> 0 | C83: =C82+1 -> 334 | D83: =BRMem!H127 -> 0 | E83: =E82+1 -> 350 | F83: =BRMem!H143 -> S20Photo.In | G83: =G82+1 -> 366 | N83: 15
A84: 16 | B84: =BRMem!H112 -> 0 | C84: =C83+1 -> 335 | D84: =BRMem!H128 -> 0 | E84: =E83+1 -> 351 | F84: =BRMem!H144 -> NextBatch | G84: =G83+1 -> 367 | N84: 16
A85: NO | B85: =B68 -> ST16 | N85: NO

Sheet BRMem
A1: X20 Panel Inputs | B1: Control.Start | C1: Control Start PB - NO | D1: X20 Panel Outputs | E1: Control.Buzzer | F1: Panel Buzzer | G1: X67 Field I/O | H1: S45Foot.In | I1: End Loading Start Footpedal | J1: 100 | K1: 10M
A2: ST2 | B2: Control.Stop | C2: Control Stop PB - NO | D2: ST4 | E2: Control.OnLmp1 | F2: Control Circuit On Indicator | G2: ST10 | H2: S1Photo.In | I2: CL1 Slow Photoelectric Switch | J2: 101 | K2: 2M
B3: Control.EStop1 | C3: Safety Relay - NC | G3: >CBL21 | H3: S2Photo.In | I3: CL1 End Photelectric switch | J3: 102 | K3: 2M
G4: >CBL41 | H4: S56Lever.In | I4: Laser Enable Lever Selector | J4: 103 | K4: 5M | L4: B10JB
B5: MS1Belt1.Trip | C5: Motor Starter 1 - Belt 1 Motor Trip | G5: RM | H5: S30Reed.In | I5: Pallet 1 Down Reed Switch | J5: 104 | K5: 2M
B6: MS2Belt2.Trip | C6: Motor Starter 2 - Belt 2 Motor Trip | G6: 1M | H6: S31Reed.In | I6: Pallet 1 Up Reed Switch | J6: 105 | K6: 2M
B7: MS3Belt3.Trip | C7: Motor Starter 3 - Belt 3 Motor Trip | H7: LaserBusy | I7: Laser Busy Input | J7: 106 | K7: 5M | L7: B10JB
B8: MS4Belt4.Trip | C8: Motor Starter 4 - Belt 4 Motor Trip | E8: Sol37Spray | F8: Solenoid Valve 37 Atomiser Spray | H8: LaserFire | I8: Laser Fire Output | J8: 107 | K8: 5M | L8: B10JB
B9: MS5Belt5.Trip | C9: Motor Starter 5 - Belt 5 Motor Trip | E9: Sol47Spray | F9: Solenoid Valve 47 Atomiser Spray 2 | H9: S100Reed.In | I9: Flip Up Arm 1/1 Down Reed Switch | J9: 108 | K9: 0M
B10: MS6Belt6.Trip | C10: Motor Starter 6 - Belt 6 Motor Trip | E10: Sol53Recirc | F10: Solenoid Valve 53 Recirculation | H10: Sol1Blt1 | I10: Solenoid Valve 1 Belt 1 | J10: 109 | K10: 0M
B11: MS7Belt7.Trip | C11: Motor Starter 7 - Belt 7 Motor Trip | E11: Sol24DG1B | F11: Solenoid Valve 24 Datum Gate 1 B | H11: Sol2Blt2 | I11: Solenoid Valve 2 Belt 2 | J11: 110 | K11: 0M
B12: MS8Belt8.Trip | C12: Motor Starter 8 - Belt 8 Motor Trip | E12: Filstar | F12: Filstar output | H12: Sol5Arm1 | I12: Solenoid Valve 5 Flip Up Arm 1 | J12: 111 | K12: 0M
A13: X20 Panel Inputs | B13: MS9Vac1.Trip | C13: Motor Starter 9 - Vacuum 1 Pump Trip | D13: X20 Panel Outputs | E13: MS1Belt1 | F13: Motor Starter 1 - Belt 1 Motor | H13: Sol6Arm2 | I13: Solenoid Valve 6 Flip Up Arm 2 | J13: 112 | K13: 0M
A14: ST3 | B14: MS10Vac2.Trip | C14: Motor Starter 10 - Vacuum 2 Pump Trip | D14: ST8 | E14: MS2Belt2 | F14: Motor Starter 2 - Belt 2 Motor | H14: Sol7Arm3 | I14: Solenoid Valve 7 Flip Up Arm 3 | J14: 113 | K14: 0M
B15: MS11Vac3.Trip | C15: Motor Starter 11 - Vacuum 3 Pump Trip | E15: MS3Belt3 | F15: Motor Starter 3 - Belt 3 Motor | H15: Sol8Arm4 | I15: Solenoid Valve 8 Flip Up Arm 4 | J15: 114 | K15: 0M
B16: MS12Vac4.Trip | C16: Motor Starter 12 - Vacuum 4 Pump Trip | E16: MS4Belt4 | F16: Motor Starter 4 - Belt 4 Motor | H16: Sol20DT1 | I16: Solenoid Valve 20 Detension 1 | J16: 115 | K16: 0M
B17: MS13Water1.Trip | C17: Motor Starter 13 - Water Tank 1 Pump Trip | E17: MS5Belt5 | F17: Motor Starter 5 - Belt 5 Motor | G17: X67 Field I/O | H17: S81Photo.In | I17: Servo 1 Rev Photoelectric Switch | J17: 116 | K17: 0M
B18: MS14Water2.Trip | C18: Motor Starter 14 - Water Tank 2 Pump Trip | E18: MS6Belt6 | F18: Motor Starter 6 - Belt 6 Motor | G18: ST11 | H18: S82Photo.In | I18: Servo 1 Centre 1 Photoelectric Switch | J18: 117 | K18: 0M
E19: MS7Belt7 | F19: Motor Starter 7 - Belt 7 Motor | G19: >CBL22 | H19: S83Photo.In | I19: Servo 1 Centre 2 Photoelectric Switch | J19: 118 | K19: 0M
E20: MS8Belt8 | F20: Motor Starter 8 - Belt 8 Motor | G20: >CBL42 | H20: S84Photo.In | I20: Servo 1 Fwd Photoelectric Switch | J20: 119 | K20: 0M
E21: MS9Vac1 | F21: Motor Starter 9 - Vacuum 1 Pump | G21: RM | H21: Sol3Blt3 | I21: Solenoid Valve 3 Belt 3 | J21: 120 | K21: 0M
E22: MS10Vac2 | F22: Motor Starter 10 - Vacuum 2 Pump | G22: 15M | H22: Sol4Blt4 | I22: Solenoid Valve 4 Belt 4 | J22: 121 | K22: 0M
E23: MS11Vac3 | F23: Motor Starter 11 - Vacuum 3 Pump | H23: Sol21DT2 | I23: Solenoid Valve 21 Detension 2 | J23: 122 | K23: 0M
B24: ClearBatch.In | C24: Clear Batch Button | E24: MS12Vac4 | F24: Motor Starter 12 - Vacuum 4 Pump | H24: S3Photo.In | I24: CS1 Process Photoelectric Switch | J24: 123 | K24: 0M
E25: MS13Water1 | F25: Motor Starter 13 - Water Tank 1 Pump | J25: 124
E26: MS14Water2 | F26: Motor Starter 14 - Water Tank 2 Pump | J26: 125
J27: 126
J28: 127
J29: 128
J30: 129
J31: 130
J32: 131
G33: X67 Field I/O | H33: Servo1POT | I33: Servo 1 Positive Over Travel Limit Switch | J33: 132 | K33: 10M | M33: ENTRY | N33: EXIT
G34: ST12 | H34: Servo1NOT | I34: Servo 1 Negative Over Travel Limit Switch | J34: 133 | K34: 5M | M34: 0M | N34: 0M | O34: S100/S120
G35: >CBL23 | H35: S80Origin.In | I35: Servo 1 Origin Photoelectric Switch | J35: 134 | K35: 10M | M35: 0M | N35: 0M | O35: S101/S121
G36: >CBL43 | H36: S101Reed.In | I36: Flip Up Arm 1/1 Up Reed Switch | J36: 135 | K36: 0M | M36: 0M | N36: 0M | O36: S102/S122
G37: RI | H37: S104Reed.In | I37: Flip Up Arm 2/1 Down Reed Switch | J37: 136 | K37: 3M | M37: 0M | N37: 0M | O37: S103/S123
G38: 15M | H38: S105Reed.In | I38: Flip Up Arm 2/1 Up Reed Switch | J38: 137 | K38: 3M | M38: 0M | N38: 3M | O38: S104/S124
H39: S106Reed.In | I39: Flip Up Arm 2/2 Down Reed Switch | J39: 138 | K39: 0M | M39: 0M | N39: 3M | O39: S105/S125
H40: S107Reed.In | I40: Flip Up Arm 2/2 Up Reed Switch | J40: 139 | K40: 0M | M40: 3M | N40: 0M | O40: S106/S126
H41: S108Reed.In | I41: Flip Up Arm 3/1 Down Reed Switch | J41: 140 | K41: 3M | M41: 3M | N41: 0M | O41: S107/S127
H42: S109Reed.In | I42: Flip Up Arm 3/1 Up Reed Switch | J42: 141 | K42: 3M | M42: 2M | N42: 3M | O42: S108/S128
H43: S110Reed.In | I43: Flip Up Arm 3/2 Down Reed Switch | J43: 142 | K43: 2M | M43: 2M | N43: 3M | O43: S109/S129
H44: S111Reed.In | I44: Flip Up Arm 3/2 Up Reed Switch | J44: 143 | K44: 2M | M44: 3M | N44: 2M | O44: S110/S130
H45: S112Reed.In | I45: Flip Up Arm 4/1 Down Reed Switch | J45: 144 | K45: 3M | M45: 3M | N45: 2M | O45: S111/S131
H46: S113Reed.In | I46: Flip Up Arm 4/1 Up Reed Switch | J46: 145 | K46: 3M | M46: 2M | N46: 3M | O46: S112/S132
H47: S114Reed.In | I47: Flip Up Arm 4/2 Down Reed Switch | J47: 146 | K47: 2M | M47: 2M | N47: 3M | O47: S113/S133
H48: S115Reed.In | I48: Flip Up Arm 4/2 Up Reed Switch | J48: 147 | K48: 2M | M48: 3M | N48: 2M | O48: S114/S134
G49: X67 Field I/O | H49: S4Photo.In | I49: CS1 Clear Photoelectric Switch | J49: 148 | K49: 0M | M49: 3M | N49: 2M | O49: S115/S135
G50: ST13 | H50: S5Photo.In | I50: CC1 Clear Photoelectric Switch | J50: 149 | K50: 0M | M50: 3M | N50: 4M | O50: S116/S136
G51: >CBL24 | H51: S6Photo.In | I51: CC2 Slow Photoelectric Switch | J51: 150 | K51: 0M | M51: 3M | N51: 4M | O51: S117/S137
G52: >CBL44 | H52: S9Photo.In | I52: CL1 Restart Photoelectric Switch | J52: 151 | K52: 2M | M52: 4M | N52: 3M | O52: S118/S138
G53: RM | H53: S32Reed.In | I53: Pallet 2 Down Reed Switch | J53: 152 | K53: 2M | M53: 4M | N53: 3M | O53: S119/S139 | Q53: 4M = 7000-88001-2100400 XEC0NEW £6.84
G54: 5M | H54: S33Reed.In | I54: Pallet 2 Up Reed Switch | J54: 153 | K54: 2M
H55: S50Reed.In | I55: Datum Gate 1 Down Reed Switch | J55: 154 | K55: 3M
H56: S102Reed.In | I56: Flip Up Arm 1/2 Down Reed Switch | J56: 155 | K56: 3M
H57: S103Reed.In | I57: Flip Up Arm 1/2 Up Reed Switch | J57: 156 | K57: 3M
H58: Sol30Pal1 | I58: Solenoid Valve 30 Pallet 1 | J58: 157 | K58: 0M
H59: Sol31Pal2 | I59: Solenoid Valve 31 Pallet 2 | J59: 158 | K59: 0M
H60: Sol32Pal3 | I60: Solenoid Valve 32 Pallet 3 | J60: 159 | K60: 0M
H61: Sol33Pal4 | I61: Solenoid Valve 33 Pallet 4 | J61: 160 | K61: 0M
H62: Sol24DG1 | I62: Solenoid Valve 24 Datum Gate 1 | J62: 161 | K62: 0M
H63: Sol35Laser | I63: Solenoid Valve 35 Laser Air Knife | J63: 162 | K63: 0M
H64: Sol19Pump | I64: Solenoid Valve 19 Scavenge Pumps | J64: 163 | K64: 0M
G65: X67 Field I/O | H65: Sol10Blt5 | I65: Solenoid Valve 10 Belt 5 | J65: 164 | K65: 0M
G66: ST14 | H66: Sol11Blt6 | I66: Solenoid Valve 11 Belt 6 | J66: 165 | K66: 0M
G67: >CBL25 | H67: Sol14Arm6 | I67: Solenoid Valve 14 Flip Up Arm 6 | J67: 166 | K67: 0M
G68: >CBL45 | H68: Sol15Arm7 | I68: Solenoid Valve 15 Flip Up Arm 7 | J68: 167 | K68: 0M
G69: RM | H69: Sol22DT3 | I69: Solenoid Valve 22 Detension 3 | J69: 168 | K69: 0M
G70: 5M | H70: S7Photo.In | I70: CC2 End Photoelectric Switch | J70: 169 | K70: 2M
H71: S64Float.In | I71: Water Tank 1 Float Switch | J71: 170 | K71: 5M
H72: S65Float.In | I72: Water Tank 2 Float Switch | J72: 171 | K72: 5M
J73: 172
J74: 173
J75: 174
J76: 175
J77: 176
J78: 177
J79: 178
J80: 179
G81: X67 Field I/O | H81: Servo2POT | I81: Servo 2 Positive Over Travel Limit Switch | J81: 180 | K81: 10M
G82: ST15 | H82: Servo2NOT | I82: Servo 2 Negative Over Travel Limit Switch | J82: 181 | K82: 5M
G83: >CBL26 | H83: S90Origin.In | I83: Servo 2 Origin Photoelectric Switch | J83: 182 | K83: 10M
G84: >CBL46 | H84: S12Photo.In | I84: CC3 Stop Photoelectric Switch | J84: 183 | K84: 3M
G85: RI | H85: S13Photo.In | I85: CC4 Clear Photelectric Switch | J85: 184 | K85: 3M
G86: 5M | H86: S34Reed.In | I86: Pallet 3 Down Reed Switch | J86: 185 | K86: 5M
H87: S35Reed.In | I87: Pallet 3 Up Reed Switch | J87: 186 | K87: 5M
J88: 187
H89: S120Reed.In | I89: Flip Up Arm 6/1 Down Reed Switch | J89: 188 | K89: 0M
H90: S121Reed.In | I90: Flip Up Arm 6/1 Up Reed Switch | J90: 189 | K90: 0M
H91: S122Reed.In | I91: Flip Up Arm 6/2 Down Reed Switch | J91: 190 | K91: 0M
H92: S123Reed.In | I92: Flip Up Arm 6/2 Up Reed Switch | J92: 191 | K92: 0M
H93: S124Reed.In | I93: Flip Up Arm 7/1 Down Reed Switch | J93: 192 | K93: 3M
H94: S125Reed.In | I94: Flip Up Arm 7/1 Up Reed Switch | J94: 193 | K94: 3M
H95: S126Reed.In | I95: Flip Up Arm 7/2 Down Reed Switch | J95: 194 | K95: 0M
H96: S127Reed.In | I96: Flip Up Arm 7/2 Up Reed Switch | J96: 195 | K96: 0M
G97: X67 Field I/O | H97: S91Photo.In | I97: Servo 2 Rev Photoelectric Switch | J97: 196 | K97: 0M
G98: ST16 | H98: S92Photo.In | I98: Servo 2 Centre 1 Photoelectric Switch | J98: 197 | K98: 0M
G99: >CBL27 | H99: S93Photo.In | I99: Servo 2 Centre 2 Photoelectric Switch | J99: 198 | K99: 0M
G100: >CBL47 | H100: S94Photo.In | I100: Servo 2 Fwd Photoelectric Switch | J100: 199 | K100: 0M
...

Sheet Plug
A1: PIN NO. | B1: PLUG 1 | C1: PLUG 2 | D1: PLUG 3 | E1: PLUG 4 | F1: PLUG31 | G1: PLUG32 | H1: PLUG 5 | I1: PLUG 6 | J1: PIN NO. | K1: PLUG33 | L1: PLUG34 | M1: PLUG 7 | N1: PLUG 8 | O1: PLUG 9 | P1: PLUG 39 | Q1: PLUG 10 | R1: PLUG 11 | S1: PLUG 12 | T1: PIN NO. | U1: PLUG 13 | V1: PLUG 14 | W1: PLUG 15 | X1: PLUG 16 | Y1: PLUG 17 | Z1: PLUG 18 | AA1: PIN NO. | AB1: PLUG 19 | AC1: PLUG 20 | AD1: PLUG 21 | AE1: PLUG 22 | AF1: PLUG 23 | AG1: PLUG 24 | AH1: PIN NO. | AI1: PLUG 25 | AJ1: PLUG 26 | AK1: PLUG 27 | AL1: PLUG28 | AN1: PIN NO.
B2: BELTS1 | C2: BELTS2 | D2: BELTS3 | E2: BELTS4 | F2: ED1 | G2: ED2 | H2: VACUUM1 | I2: VACUUM2 | K2: EXTRACT1 | L2: EXTRACT2 | M2: WATER | N2: REMOTE | O2: EMO | P2: EMO | Q2: LASER | R2: CL1 | S2: CS1 | U2: CV1 | V2: CC1 | W2: CC2 | X2: CS2 | Y2: CV2 | Z2: CC3 | AB2: CC4 | AC2: CB1 | AD2: CB2 | AE2: CRB | AF2: CRE | AG2: CLB | AI2: CR1
A3: 1 | B3: 120 | C3: 126 | D3: 132 | E3: 138 | F3: 144 | G3: 150 | H3: 157 | I3: 163 | J3: 1 | K3: 180 | L3: 186 | M3: 170 | N3: 20 | O3: ES2 | P3: ES42 | Q3: 115 | R3: 501 | S3: 505 | T3: 1 | U3: 509 | V3: 513 | W3: 517 | X3: 521 | Y3: 525 | Z3: 529 | AA3: 1 | AB3: 533 | AC3: 537 | AD3: 541 | AE3: 545 | AF3: 549 | AG3: 553 | AH3: 1 | AI3: 557 | AJ3: 561 | AK3: 565 | AL3: 569 | AM3: 596 | AN3: 1
A4: 2 | B4: 121 | C4: 127 | D4: 133 | E4: 139 | F4: 145 | G4: 151 | H4: 158 | I4: 164 | J4: 2 | K4: 181 | L4: 187 | M4: 171N | N4: 21 | O4: ES22 | P4: ES62 | Q4: N | R4: 502 | S4: 506 | T4: 2 | U4: 510 | V4: 514 | W4: 518 | X4: 522 | Y4: 526 | Z4: 530 | AA4: 2 | AB4: 534 | AC4: 538 | AD4: 542 | AE4: 546 | AF4: 550 | AG4: 554 | AH4: 2 | AI4: 558 | AJ4: 562 | AK4: 566 | AL4: 570 | AM4: 597 | AN4: 2
A5: 3 | B5: 122 | C5: 128 | D5: 134 | E5: 140 | F5: 146 | G5: 152 | H5: 159 | I5: 165 | J5: 3 | K5: 182 | L5: 188 | M5: 173 | N5: 22 | O5: ES6 | P5: ES46 | Q5: PE | R5: 503 | S5: 507 | T5: 3 | U5: 511 | V5: 515 | W5: 519 | X5: 523 | Y5: 527 | Z5: 531 | AA5: 3 | AB5: 535 | AC5: 539 | AD5: 543 | AE5: 547 | AF5: 551 | AG5: 555 | AH5: 3 | AI5: 559 | AJ5: 563 | AK5: 567 | AL5: 571 | AM5: 598 | AN5: 3
A6: 4 | B6: PE | C6: PE | D6: PE | E6: PE | F6: PE | G6: PE | H6: PE | I6: PE | J6: 4 | K6: PE | L6: PE | M6: 174N | N6: 23 | O6: ES26 | P6: ES66 | Q6: 112 | R6: PE | S6: PE | T6: 4 | U6: PE | V6: PE | W6: PE | X6: PE | Y6: PE | Z6: PE | AA6: 4 | AB6: PE | AC6: PE | AD6: PE | AE6: PE | AF6: PE | AG6: PE | AH6: 4 | AI6: PE | AJ6: PE | AK6: PE | AL6: PE | AM6: PE | AN6: 4
A7: 5 | B7: 123 | C7: 129 | D7: 135 | E7: 141 | F7: 147 | G7: 153 | H7: 160 | I7: 166 | J7: 5 | K7: 183 | L7: 189 | M7: 114 | N7: SHLD | O7: ES6 | P7: ES46 | Q7: N | R7: SHLD | S7: SHLD | T7: 5 | U7: SHLD | V7: SHLD | W7: SHLD | X7: SHLD | Y7: SHLD | Z7: SHLD | AA7: 5 | AB7: SHLD | AC7: SHLD | AD7: SHLD | AE7: SHLD | AF7: SHLD | AG7: SHLD | AH7: 5 | AI7: SHLD | AJ7: SHLD | AK7: SHLD | AL7: SHLD | AM7: SHLD | AN7: 5
A8: 6 | B8: 124 | C8: 130 | D8: 136 | E8: 142 | F8: 148 | G8: 154 | H8: 161 | I8: 167 | J8: 6 | K8: 184 | L8: 190 | M8: N | O8: ES26 | P8: ES66 | Q8: PE | T8: 6 | AA8: 6 | AH8: 6 | AN8: 6
A9: 7 | B9: 125 | C9: 131 | D9: 137 | E9: 143 | F9: 149 | G9: 155 | H9: 162 | I9: 168 | J9: 7 | K9: 185 | L9: 191 | N9: 30 | O9: ES10 | P9: ES50 | T9: 7 | AA9: 7 | AH9: 7 | AN9: 7
A10: 8 | B10: PE | C10: PE | D10: PE | E10: PE | F10: PE | G10: PE | H10: PE | I10: PE | J10: 8 | K10: PE | L10: PE | N10: 30 | O10: ES30 | P10: ES70 | T10: 8 | AA10: 8 | AH10: 8 | AN10: 8
A11: 9 | H11: 182 | I11: 185 | J11: 9 | N11: 31 | O11: ES10 | P11: ES50 | T11: 9 | AA11: 9 | AG11: 574 | AH11: 9 | AK11: 574 | AN11: 9
A12: 10 | H12: 183N | I12: 186N | J12: 10 | N12: 31 | O12: ES30 | P12: ES70 | T12: 10 | AA12: 10 | AG12: N | AH12: 10 | AK12: N | AN12: 10
A13: 11 | J13: 11 | O13: ES14 | P13: ES54 | T13: 11 | AA13: 11 | AH13: 11 | AN13: 11
A14: 12 | J14: 12 | O14: ES34 | P14: ES74 | T14: 12 | AA14: 12 | AH14: 12 | AN14: 12
A15: 13 | J15: 13 | O15: ES14 | P15: ES54 | T15: 13 | AA15: 13 | AH15: 13 | AN15: 13
A16: 14 | J16: 14 | O16: ES34 | P16: ES74 | T16: 14 | AA16: 14 | AH16: 14 | AN16: 14
A17: 15 | J17: 15 | O17: ES20 | P17: ES60 | T17: 15 | AA17: 15 | AH17: 15 | AN17: 15
A18: 16 | J18: 16 | O18: ES40 | P18: ES80 | T18: 16 | AA18: 16 | AH18: 16 | AN18: 16
A19: PIN NO. | B19: =(B1) -> PLUG 1 | C19: =(C1) -> PLUG 2 | D19: =(D1) -> PLUG 3 | E19: =(E1) -> PLUG 4 | F19: =(F1) -> PLUG31 | G19: =(G1) -> PLUG32 | H19: =(H1) -> PLUG 5 | I19: =(I1) -> PLUG 6 | J19: PIN NO. | K19: =(K1) -> PLUG33 | L19: =(L1) -> PLUG34 | M19: =(M1) -> PLUG 7 | N19: =(N1) -> PLUG 8 | O19: =(O1) -> PLUG 9 | P19: =(P1) -> PLUG 39 | Q19: =(Q1) -> PLUG 10 | R19: =(R1) -> PLUG 11 | S19: =(S1) -> PLUG 12 | T19: PIN NO. | U19: =(U1) -> PLUG 13 | V19: =(V1) -> PLUG 14 | W19: =(W1) -> PLUG 15 | X19: =(X1) -> PLUG 16 | Y19: =(Y1) -> PLUG 17 | Z19: =(Z1) -> PLUG 18 | AA19: PIN NO. | AB19: =(AB1) -> PLUG 19 | AC19: =(AC1) -> PLUG 20 | AD19: =(AD1) -> PLUG 21 | AE19: =(AE1) -> PLUG 22 | AF19: =(AF1) -> PLUG 23 | AG19: =(AG1) -> PLUG 24 | AH19: PIN NO. | AI19: =(AI1) -> PLUG 25 | AJ19: =(AJ1) -> PLUG 26 | AK19: =(AK1) -> PLUG 27 | AL19: =(AL1) -> PLUG28 | AM19: =(AM1) -> 0 | AN19: PIN NO.

Sheet AC
A1: Panel AC Current Consumption | T1: Electrical Calculations
T2: E = VOLTS
A3: Three Phase Equipment | T3: P = WATTS
N4: Double Check Values | T4: R = OHMS
A5: Description | B5: Qty | C5: Current (A) | D5: Total Current (A) | K5: kW | L5: Total kW | N5: A from kW | O5: kW from A | T5: I = AMPERES
A6: Belt Motor | B6: 8 | C6: 3.05 | D6: =SUM(B6*C6) -> 24.4 | K6: 1.75 | L6: =K6*B6 -> 14 | N6: =K6/0.57436 -> 3.0468696 | O6: =C6*0.57436 -> 1.751798 | T6: HP = HORSEPOWER
A7: Edge Deletion Motor | B7: 0 | C7: 1.1 | D7: =SUM(B7*C7) -> 0 | K7: 0.44 | L7: =K7*B7 -> 0 | N7: =K7/0.57436 -> 0.76607006 | O7: =C7*0.57436 -> 0.631796 | T7: PF = POWER FACTOR
A8: Vacuum | B8: 4 | C8: 9 | D8: =SUM(B8*C8) -> 36 | K8: 5 | L8: =K8*B8 -> 20 | N8: =K8/0.57436 -> 8.7053416 | O8: =C8*0.57436 -> 5.16924 | T8: kW = KILOWATTS
A9: Recycling Pump | B9: 0 | C9: 2.6 | D9: =SUM(B9*C9) -> 0 | K9: 1.5 | L9: =K9*B9 -> 0 | N9: =K9/0.57436 -> 2.6116025 | O9: =C9*0.57436 -> 1.493336 | T9: kWh = KILOWATT HOUR
A10: Floatation Fans | B10: 0 | C10: 2.6 | D10: =SUM(B10*C10) -> 0 | K10: 1.5 | L10: =K10*B10 -> 0 | N10: =K10/0.57436 -> 2.6116025 | O10: =C10*0.57436 -> 1.493336 | T10: VA = VOLT-AMPERES
A11: Servo Motors | B11: 2 | C11: 3.78 | D11: =SUM(B11*C11) -> 7.56 | K11: 1.94 | L11: =K11*B11 -> 3.88 | N11: =K11/0.57436 -> 3.3776725 | O11: =C11*0.57436 -> 2.1710808 | T11: kVA = KILOVOLT-AMPERES
A12: Dry Dust Extraction First Try | B12: 0 | C12: 7 | D12: =SUM(B12*C12) -> 0 | K12: 4 | L12: =K12*B12 -> 0 | N12: =K12/0.57436 -> 6.9642733 | O12: =C12*0.57436 -> 4.02052 | T12: C = CAPACITANCE
A13: 12A 24V Power Supply | B13: 1 | C13: 2 | D13: =SUM(B13*C13) -> 2 | K13: 1.15 | L13: =K13*B13 -> 1.15 | N13: =K13/0.57436 -> 2.0022286 | O13: =C13*0.57436 -> 1.14872 | T13: DIRECT CURRENT
A14: Standalone Arrisser | B14: 0 | C14: 10 | D14: =SUM(B14*C14) -> 0 | K14: 5.5 | L14: =K14*B14 -> 0 | N14: =K14/0.57436 -> 9.5758758 | O14: =C14*0.57436 -> 5.7436 | T14: AMPS = | U14: WATTS | V14: ÷ VOLTS | W14: (I = P ÷ E)
K15: Total kW of 3 Phase Equipment | T15: =FLOOR((U15/V15),0.01) -> 0.95 | U15: 23 | V15: 24
D16: =SUM(D6:F14) -> 69.96 | L16: =SUM(L6:L14) -> 39.03 | N16: =L16/0.57436 -> 67.953897 | O16: =D16*0.57436 -> 40.182226 | T16: WATTS = | U16: VOLTS | V16: x AMPS | W16: (P = E x I)
T17: =FLOOR((U17*V17),0.1) -> 50 | U17: 5 | V17: 10
A18: Single Phase Equipment | E18: Phases | H18: Phases | T18: VOLTS = | U18: WATTS | V18: ÷ AMPS
C19: Current (A) | D19: Br | E19: Bl | F19: Gr | G19: RED | H19: YELLOW | I19: BLUE | T19: =FLOOR((U19/V19),0.1) -> 5 | U19: 50 | V19: 10
A20: Inverter 2.2kW | B20: 14 | C20: 9.2 | D20: 5 | E20: 5 | F20: 4 | G20: =(C20*D20) -> 46 | H20: =(C20*E20) -> 46 | I20: =(C20*F20) -> 36.8 | K20: 2.2 | L20: =K20*B20 -> 30.8
A21: Evacuation/Recycle Pump | B21: 2 | C21: 2.9 | E21: 1 | F21: 1 | G21: =(C21*D21) -> 0 | H21: =(C21*E21) -> 2.9 | I21: =(C21*F21) -> 2.9 | K21: 0.67 | L21: =K21*B21 -> 1.34 | T21: AC SINGLE PHASE ~1Ø
A22: Recycle Pump Large | B22: 0 | C22: 5.6 | G22: =(C22*D22) -> 0 | H22: =(C22*E22) -> 0 | I22: =(C22*F22) -> 0 | T22: Known Values
A23: Mains Contactor | B23: 1 | C23: 1.9 | F23: 1 | G23: =(C23*D23) -> 0 | H23: =(C23*E23) -> 0 | I23: =(C23*F23) -> 1.9 | K23: 0.44 | L23: =K23*B23 -> 0.44 | T23: Amps | U23: 0.2 | V23: Volts | W23: 240 | X23: kW | Y23: 2.2
A24: Laser | B24: 1 | C24: 10 | F24: 1 | G24: =(C24*D24) -> 0 | H24: =(C24*E24) -> 0 | I24: =(C24*F24) -> 10 | K24: 1 | L24: =K24*B24 -> 1 | U24: (Input any two values above)
A25: Laser HMI | B25: 1 | C25: 6 | D25: 1 | G25: =(C25*D25) -> 6 | H25: =(C25*E25) -> 0 | I25: =(C25*F25) -> 0
A26: Auxiliaries (Laptop and Lamp) | B26: 0 | C26: 2.5 | G26: =(C26*D26) -> 0 | H26: =(C26*E26) -> 0 | I26: =(C26*F26) -> 0 | K26: 0.6 | L26: =K26*B26 -> 0 | T26: AMPS = | U26: WATTS | V26: ÷ (VOLTS | W26: x PF) | X26: (I = P ÷ (E x PF))
A27: Auxiliaries (Fans) | B27: 0 | C27: 0.5 | G27: =(C27*D27) -> 0 | H27: =(C27*E27) -> 0 | I27: =(C27*F27) -> 0 | K27: 0.12 | L27: =K27*B27 -> 0 | T27: =FLOOR(((U27)/(V27*W27)),0.01) -> 9.16 | U27: =Y23*1000 -> 2200 | V27: =W23 -> 240 | W27: 1
A28: Shunt Trip | B28: 1 | C28: 0.02 | F28: 1 | G28: =(C28*D28) -> 0 | H28: =(C28*E28) -> 0 | I28: =(C28*F28) -> 0.02 | K28: 0.12 | L28: =K28*B28 -> 0.12 | T28: WATTS = | U28: VOLTS | V28: x AMPS | W28: x PF | X28: (P = E x I x PF)
A29: Air Conditioning | B29: 1 | C29: 4.5 | E29: 1 | G29: =(C29*D29) -> 0 | H29: =(C29*E29) -> 4.5 | I29: =(C29*F29) -> 0 | K29: 1.1 | L29: =K29*B29 -> 1.1 | N29: 1 Phase KVA | O29: =(D34*240)/1000 -> 12.876 | P29: KVA | T29: =FLOOR((U29*V29*W29),0.01) -> 48 | U29: =W23 -> 240 | V29: =U23 -> 0.2 | W29: =T35 -> 1
A30: Filstar | B30: 1 | C30: 0.25 | E30: 1 | G30: =(C30*D30) -> 0 | H30: =(C30*E30) -> 0.25 | I30: =(C30*F30) -> 0 | N30: = | T30: VOLTS = | U30: WATTS | V30: ÷ AMPS | W30: (E = P ÷ I)
G31: =(C31*D31) -> 0 | H31: =(C31*E31) -> 0 | I31: =(C31*F31) -> 0 | N31: 3 Phase KVA | O31: =O29/0.55 -> 23.410909 | P31: KVA | T31: =FLOOR((U31/V31),0.01) -> 11000 | U31: =Y23*1000 -> 2200 | V31: =U23 -> 0.2
G32: =(C32*D32) -> 0 | H32: =(C32*E32) -> 0 | I32: =(C32*F32) -> 0 | N32: Total 3 Phase kW for 1 Phase Equipment | T32: VOLT-AMPS | U32: = VOLTS | V32: x AMPS | W32: (VA = E x I)
K33: Total kW of 1 Phase Equipment | T33: =FLOOR((U33*V33),0.01) -> 48 | U33: =W23 -> 240 | V33: =U23 -> 0.2
D34: =MAX(G34:I34) -> 53.65 | G34: =SUM(G20:G32) -> 52 | H34: =SUM(H20:H32) -> 53.65 | I34: =SUM(I20:I32) -> 51.62 | L34: =SUM(L20:L32) -> 34.8 | O34: =O31/0.8 -> 29.263636 | P34: kW | T34: PF = | U34: WATTS | V34: ÷ (VOLTS | W34: x AMPS) | X34: (PF = W ÷ (E x I)
E35: Input Highest of 3 values | T35: 1 | U35: =Y23*1000 -> 2200 | V35: =W23 -> 240 | W35: =U23 -> 0.2
C36: Total Amps | D36: =D16+D34&"A" -> 123.61A | N36: (Calculated from 1 Phase Amps)
K37: 100 | L37: =K37*0.57436 -> 57.436 | O37: =O34/0.57436 -> 50.94999 | T37: AC THREE PHASE ~3Ø
T38: Known Values
L39: =L34+L16&"kW" -> 73.83kW | M39: Figure for customer | O39: =(L34+L16)/0.57436 -> 128.54307 | T39: Amps | U39: 3.82 | V39: Volts | W39: 400 | X39: kW | Y39: 4
D40: FULL LOAD KW = | E40: =CEILING(O34+L16,1) -> 69 | F40: KW | H40: =(SQRT(3))*400 -> 692.82032 | U40: (Input any two values above)
D41: FULL LOAD KVA = | E41: =E40/0.8 -> 86.25 | F41: KVA | L41: =CEILING(O34+L16,0.01)&"kW" -> 68.3kW | M41: Actual Value | O41: =(O34+L16)/0.57436 -> 118.90389
D42: FULL LOAD A (EUROPE) = | E42: =(1000*E41)/(1.73205080756888*400) -> 124.49115 | F42: A (400V) | T42: AMPS = | U42: WATTS | V42: ÷ (VOLTS | W42: x 1.732 | X42: x PF) | Y42: (I = P ÷ (E x 1.732 x PF))
D43: FULL LOAD A (US) = | E43: =(1000*E41)/(1.73205080756888*480) -> 103.74263 | F43: A (480V) | T43: =FLOOR((U43/(V43*W43*X43)),0.01) -> 7.21 | U43: =Y39*1000 -> 4000 | V43: =W39 -> 400 | W43: 1.732 | X43: 0.8
T44: WATTS = | U44: VOLTS | V44: x AMPS | W44: x PF | X44: x 1.732 | Y44: (P = E x I x PF)
T45: =FLOOR(U45*(V45*W45*X45),0.01) -> 2117.19 | U45: =W39 -> 400 | V45: =U39 -> 3.82 | W45: 0.8 | X45: 1.732
T46: VOLTS = | U46: WATTS | V46: ÷ AMPS | W46: (E = P ÷ I)
T47: =FLOOR((U47/V47),0.01) -> 1047.12 | U47: =Y39*1000 -> 4000 | V47: =U39 -> 3.82
T48: VOLT-AMPS | U48: = VOLTS | V48: x AMPS | W48: x 1.732 | X48: (VA = E x I x 1.732)
T49: =FLOOR((U49*V49*W49),0.01) -> 2646.49 | U49: =W39 -> 400 | V49: =U39 -> 3.82 | W49: 1.732
T50: PF = | U50: INPUT WATTS | V50: ÷ (VOLTS | W50: x AMPS | X50: x 1.732) | Y50: (PF = W ÷ (E x I x 1.732)
T51: =FLOOR((U51)/(V51*W51*X51),0.01) -> 0.8 | U51: =Y39*1000 -> 4000 | V51: =W39 -> 400 | W51: 7.21 | X51: 1.732
T53: OTHER CALCULATIONS
T55: 3 Phase KVA | V55: 1 Phase KVA
T58: Single Phase KVA to 3 Phase KVA | W58: Single Phase KVA ÷ 0.55
T59: =FLOOR((U59/V59),0.01) -> 0 | V59: 0.55
T60: 3 Phase KVA to Single Phase KVA | W60: 3 Phase KVA x 0.55
T61: =FLOOR((U61*V61),0.01) -> 0 | V61: 0.55

Sheet Tracking
A1: Tracking00 | B1: X | C1: LOADING CONVEYOR | J1: 4
C2: Start Condition | D2: Edge | E2: End Condition | F2: Edge | H2: Timeout # | I2: Timeout Type | J2: INV | K2: INV | L2: INV
A3: Track001 | C3: S45Foot.In | D3: P | E3: S31Reed.In | F3: P | H3: 0 | I3: Pallet
A4: Track002 | C4: S31Reed.In | D4: P | E4: S1Photo.Int | F4: P | H4: 1 | I4: Distance | J4: CL1
A5: Track003 | C5: S1Photo.Int | D5: P | E5: S2Photo.Int | F5: P | H5: 2 | I5: Distance | J5: CL1
A6: Track004 | C6: S2Photo.Int | D6: P | E6: Ax1.SeekFin | F6: P | I6: Motion
A7: Track005 | C7: Ax1.SeekFin | D7: P | E7: NOT Tracking00.Blocked | F7: - | I7: Block | M7: Use Track011 as Block if laser selected
A8: Tracking90 | B8: X | C8: LOADING RUN ON | J8: R
C9: Start Condition | D9: Edge | E9: End Condition | F9: Edge | H9: Timeout # | I9: Timeout Type | J9: INV | K9: INV | L9: INV
A10: Track901 | C10: NOT Tracking00.Blocked | D10: - | E10: S2Photo.Int | F10: N | I10: Distance | J10: CL1
A12: Tracking01 | B12: X | C12: LASER | J12: 4
C13: Start Condition | D13: Edge | E13: End Condition | F13: Edge | H13: Timeout # | I13: Timeout Type | J13: INV | K13: INV | L13: INV
A14: Track011 | C14: S2Photo.Int | D14: P | E14: Track011.DelayTON.Q | F14: - | G14: Delay for Laser Positioning | I14: Delay
A15: Track012 | C15: Track011.DelayTON.Q | D15: - | E15: LaserBusy.In | F15: N | I15: Laser
A16: Track013 | C16: LaserBusy.In | D16: N | E16: NOT Tracking01.Blocked | F16: - | I16: Block | M16: Use Track004 as Block if laser selected
A18: Tracking10 | B18: X | C18: SEAMING CONVEYOR 1 | J18: 5
C19: Start Condition | D19: Edge | E19: End Condition | F19: Edge | H19: Timeout # | I19: Timeout Type | J19: INV | K19: INV | L19: INV
A20: Track101 | C20: NOT Tracking00.Blocked | D20: - | E20: S4Photo.Int | F20: P | H20: 3 | I20: Distance | J20: CS1 | K20: CC1 | N20: Changed V3.0
A21: Track102 | C21: S3Photo.Int | D21: P | E21: S3Photo.Int | F21: N | H21: 4 | I21: Distance | J21: CS1 | K21: CC1 | N21: Removed V3.0
A22: Track103 | C22: S3Photo.Int | D22: N | E22: Belts1.Done | F22: P | I22: Seaming | J22: CS1 | K22: CC1 | N22: Removed V3.0
A23: Track104 | C23: S4Photo.Int | D23: P | E23: S4Photo.Int | F23: N | H23: 5 | I23: Distance | J23: CS1 | K23: CC1 | N23: Changed V3.0
A24: Track105 | C24: 54Photo.Int | D24: N | E24: Track105.DelayTON.Q | F24: P | G24: Delay for CC1 Slow | I24: Delay | J24: CS1 | K24: CC1
A25: Track106 | C25: Track105.DelayTON.Q | D25: P | E25: S50Reed.In | F25: P | H25: 6 | I25: Gate
A26: Track107 | C26: S50Reed.In | D26: P | E26: Track107.DelayTON.Q | F26: P | G26: Delay for CC1 Rev | I26: Delay | J26: CC1(R)
A27: Track108 | C27: Track107.DelayTON.Q | D27: P | E27: NOT Tracking10.Blocked | F27: - | I27: Block
A28: Tracking91 | B28: X | C28: CORNER CONVEYOR 1 RUN ON | J28: R
C29: Start Condition | D29: Edge | E29: End Condition | F29: Edge | H29: Timeout # | I29: Timeout Type | J29: INV | K29: INV | L29: INV
A30: Track911 | C30: NOT Tracking11.Blocked | D30: - | E30: NOT S9Photo.Int | F30: - | I30: Distance | J30: CC2
A31: Track912 | C31: NOT S9Photo.Int | D31: - | E31: S5Photo.Int | F31: N | I31: Distance | J31: CC2
A32: Track913 | C32: S5Photo.Int | D32: N | E32: S7Photo.Int | F32: N | I32: Delay | J32: CC2
A34: Tracking11 | B34: X | C34: CORNER CONVEYOR 1 | J34: 6
C35: Start Condition | D35: Edge | E35: End Condition | F35: Edge | H35: Timeout # | I35: Timeout Type | J35: INV | K35: INV | L35: INV
A36: Track111 | C36: NOT Tracking10.Blocked | D36: P | E36: S32Reed.In | F36: P | H36: 7 | I36: Pallet
A37: Track112 | C37: S32Reed.In | D37: P | E37: S6Photo.Int | F37: P | H37: 8 | I37: Distance | J37: CC2
A38: Track113 | C38: S6Photo.Int | D38: P | E38: S7Photo.Int | F38: P | H38: 9 | I38: Distance | J38: CC2
A39: Track114 | C39: S7Photo.Int | D39: P | E39: Ax2.SeekFin | F39: P | I39: Motion
A40: Track115 | C40: Ax2.SeekFin | D40: P | E40: NOT Tracking11.Blocked | F40: - | I40: Block
C41: Start Condition | D41: Edge | E41: End Condition | F41: Edge | H41: Timeout # | I41: Timeout Type | J41: INV | K41: INV | L41: INV
A42: Track941 | C42: NOT Tracking11.Blocked | D42: - | E42: S7Photo.Int | F42: N | I42: Distance | J42: CC2
A44: Tracking20 | B44: X | C44: SEAMING CONVEYOR 2 | J44: 0
C45: Start Condition | D45: Edge | E45: End Condition | F45: Edge | H45: Timeout # | I45: Timeout Type | J45: INV | K45: INV | L45: INV
A46: Track201 | C46: NOT Tracking11.Blocked | D46: - | E46: S12Photo.Int | F46: P | H46: 10 | I46: Distance | J46: CS2 | K46: CC3 | N46: Changed V3.0
A47: Track202 | C47: S8Photo.Int | D47: P | E47: S8Photo.Int | F47: N | H47: 11 | I47: Pallet | J47: CS2 | K47: CC3 | N47: Removed V3.0
A48: Track203 | C48: S8Photo.Int | D48: N | E48: Belts2.Done | F48: P | I48: Seaming | J48: CS2 | K48: CC3 | N48: Removed V3.0
A49: Track204 | C49: S12Photo.Int | D49: P | E49: S12Photo.Int | F49: N | H49: 12 | I49: Distance | J49: CS2 | K49: CC3 | N49: Changed V3.0
A50: Track205 | C50: S12Photo.Int | D50: N | E50: Track205.DelayTON.Q | F50: P | G50: Delay for CC3 Slow | I50: Delay | J50: CS2 | K50: CC3 | M50: Can be set to 0.001 if not required
A51: Track206 | C51: Track205.DelayTON.Q | D51: P | E51: Track206.DelayTON.Q | F51: P | G51: Delay for CC3 Rev | I51: Delay | J51: CC3(R) | M51: Can be set to 0.001 if not required
A52: Track207 | C52: Track206.DelayTON.Q | D52: P | E52: S35Reed.In | F52: P | H52: 13 | I52: Pallet
A53: Track208 | C53: S35Reed.In | D53: P | E53: NOT Tracking20.Blocked | F53: - | I53: Block | M53: Check if size will fit in next Tracking Section (Tracking30)
A54: Tracking92 | B54: X | C54: CORNER CONVEYOR 2 RUN ON | J54: R
C55: Start Condition | D55: Edge | E55: End Condition | F55: Edge | H55: Timeout # | I55: Timeout Type | J55: INV | K55: INV | L55: INV
A56: Track921 | C56: NOT Tracking20.Blocked | D56: - | E56: Track921.DelayTON.Q | F56: P | G56: Delay for CS2 Restart | I56: Distance | J56: CC4
A57: Track922 | C57: Track521.DelayTON.Q | D57: P | E57: NOT S13Photo.Int | F57: - | I57: Distance | J57: CC4 | M57: If Track522.DoneIN before Track521.Done then go to Track523
A59: Tracking30 | B59: X | C59: BUFFER CONVEYOR 1 | J59: 1
C60: Start Condition | D60: Edge | E60: End Condition | F60: Edge | H60: Timeout # | I60: Timeout Type | J60: INV | K60: INV | L60: INV
A61: Track301 | C61: NOT Tracking20.Blocked | D61: - | E61: S14Photo.Int | F61: P | H61: 14 | I61: Distance | J61: CB1
A62: Track302 | C62: S14Photo.Int | D62: P | E62: NOT Tracking30.Blocked | F62: - | I62: Block
A63: Tracking93 | B63: X | C63: BUFFER CONVEYOR 1 RUN ON | J63: R
A64: End of Conveyor RunOn | C64: Start Condition | D64: Edge | E64: End Condition | F64: Edge | H64: Timeout # | I64: Timeout Type | J64: INV | K64: INV | L64: INV
A65: Track931 | C65: NOT Tracking30.Blocked | D65: - | E65: S15Photo.Int | F65: N | I65: Distance | J65: CB1
A66: Track932 | C66: S15Photo.Int | D66: N | E66: Track932.DelayTON.Q | F66: P | I66: Delay | J66: CB1
A68: Tracking40 | B68: X | C68: BUFFER CONVEYOR 2 | J68: 2
C69: Start Condition | D69: Edge | E69: End Condition | F69: Edge | H69: Timeout # | I69: Timeout Type | J69: INV | K69: INV | L69: INV
A70: Track401 | C70: NOT Tracking30.Blocked | D70: - | E70: S16Photo.Int | F70: P | H70: 15 | I70: Distance | J70: CB2
A71: Track402 | C71: S16Photo.Int | D71: P | E71: NOT Tracking40.Blocked | F71: - | G71: Track412 if Blocked is TRUE | I71: Block
A73: Tracking41 | B73: X | C73: BUFFER CONVEYOR 2 | J73: 2
C74: Start Condition | D74: Edge | E74: End Condition | F74: Edge | H74: Timeout # | I74: Timeout Type | J74: INV | K74: INV | L74: INV
A75: Track411 | C75: NOT Tracking40.Blocked | D75: - | E75: Track411.DelayTON.Q | F75: P | G75: Delay for CRB Start | I75: Delay | J75: CB2
A76: Track412 | C76: Track411.DelayTON.Q | D76: P | E76: S17Photo.Int | F76: N | H76: 16 | I76: Distance | J76: CB2 | K76: CRB
A77: Track413 | C77: S17Photo.Int | D77: N | E77: S17Photo.Int | F77: P | H77: 17 | I77: Distance | J77: CRB(REV)
A78: Track414 | C78: S17Photo.Int | D78: P | E78: S17Photo.Int | F78: N | H78: 18 | I78: Delay | J78: CRB
A80: Tracking50 | B80: X | C80: ROW BUILDING | J80: 3
C81: Start Condition | D81: Edge | E81: End Condition | F81: Edge | H81: Timeout # | I81: Timeout Type | J81: INV | K81: INV | L81: INV
A82: Track501 | C82: S17Photo.Int | D82: N | E82: RowTemp.Done | F82: P | I82: Time
A83: Track502 | C83: RowTemp.Done | D83: P | E83: Track502.DelayTON.Q | F83: P | G83: Delay for Centering | I83: Delay | J83: CRB
A84: Track503 | C84: Track502.DelayTON.Q | D84: P | E84: S36Reed.In | F84: P | H84: 19 | I84: Pallet
A85: Track504 | C85: S36Reed.In | D85: P | E85: S19Photo.Int | F85: P | H85: 20 | I85: Distance | J85: CRE
A86: Track505 | C86: S19Photo.Int | D86: P | E86: Track505.DelayTON.Q | F86: N | G86: Delay for CLB Start | I86: Delay | J86: CRE
A87: Track506 | C87: Track505.DelayTON.Q | D87: P | E87: S19Photo.Int | F87: N | H87: 21 | I87: Distance | J87: CRE | K87: CLB
A88: Track507 | C88: S19Photo.Int | D88: N | E88: Track507.DelayTON.Q | F88: P | G88: Delay for CLB Slow | I88: Delay | J88: CLB
A90: Tracking60 | B90: X | C90: LOAD BUILDING | J90: 4
C91: Start Condition | D91: Edge | E91: End Condition | F91: Edge | H91: Timeout # | I91: Timeout Type | J91: INV | K91: INV | L91: INV
A92: Track601 | C92: Track507.DelayTON.Q(Stop) | D92: P | E92: LoadTemp.Done | F92: P | I92: Time
A93: Track602 | C93: LoadTemp.Done | D93: P | E93: S21Photo.Int | F93: P | H93: 22 | I93: Distance | J93: CLB
A94: Track603 | C94: S21Photo.Int | D94: P | E94: NOT(Tracking60.Blocked) | F94: - | I94: Block
A96: Tracking70 | B96: X | C96: LOAD BUILDING | J96: 4
C97: Start Condition | D97: Edge | E97: End Condition | F97: Edge | H97: Timeout # | I97: Timeout Type | J97: INV | K97: INV | L97: INV
A98: Track701 | C98: NOT(Tracking60.Blocked) | D98: - | E98: Track701.DelayTON.Q | F98: P | G98: Delay for CLB Clear | I98: Time | J98: CLB
A100: Tracking80 | B100: X | C100: OFFLINE LOADING | J100: 3
C101: Start Condition | D101: Edge | E101: End Condition | F101: Edge | H101: Timeout # | I101: Timeout Type | J101: INV | K101: INV | L101: INV
A102: Track801 | C102: S18Photo.Int | D102: P | E102: S18Photo.Int | F102: N | H102: 23 | I102: Distance | J102: CRB(REV)
A103: Track802 | C103: S18Photo.Int | D103: N | E103: Track802.DelayTON.Q | F103: P | G103: Delay for S18 Clear | I103: Distance | J103: CRB(REV)
A104: Track803 | C104: Track802.DelayTON.Q | D104: P | E104: S36Reed.In | F104: P | H104: 24 | I104: Pallet
A105: Track804 | C105: S36Reed.In | D105: P | E105: S20Photo.Int | F105: P | H105: 25 | I105: Distance | J105: CRE | K105: CLB
A106: Track805 | C106: S20Photo.Int | D106: P | E106: S20Photo.Int | F106: N | H106: 26 | I106: Distance | J106: CRE | K106: CLB
A108: Tracking81 | B108: X | C108: OFFLINE LOADING | J108: 4
C109: Start Condition | D109: Edge | E109: End Condition | F109: Edge | H109: Timeout # | I109: Timeout Type | J109: INV | K109: INV | L109: INV
A110: Track811 | C110: S20Photo.Int | D110: N | E110: S21Photo.Int | F110: P | H110: 27 | I110: Distance | J110: CLB
A111: Track812 | C111: S21Photo.Int | D111: P | E111: NOT(Tracking81.Blocked) | F111: - | I111: Block
A113: Tracking82 | B113: X | C113: OFFLINE LOADING | J113: 4
...

Sheet X2
A1: X2
A2: 4L1 | B2: 4L2 | C2: 4L3 | D2: Pole 4
A3: 1 | B3: 15 | C3: 29 | D3: 43
A4: 2 | B4: 16 | C4: 30 | D4: 44
A5: 3 | B5: 17 | C5: 31 | D5: 45
A6: 4 | B6: 18 | C6: 32 | D6: 46
A7: 5 | B7: 19 | C7: 33 | D7: 47
A8: 6 | B8: 20 | C8: 34 | D8: 48
A9: 7 | B9: 21 | C9: 35 | D9: 49
A10: 8 | B10: 22 | C10: 36 | D10: 50
A11: 9 | B11: 23 | C11: 37 | D11: 51
A12: 10 | B12: 24 | C12: 38 | D12: 52
A13: 11 | B13: 25 | C13: 39 | D13: 53
A14: 12 | B14: 26 | C14: 40 | D14: 54
... A16: 14 | B16: 28 | C16: 42 | D16: 56

Sheet Program Checklist
A1: HARDWARE CONFIGURATION | C1: VISUALISATION
A2: Enable/Disable Inverter | C2: COMMON LAYERS:
A3: X2X list | C3: WASHHEIGHT
A4: X2X supervised off | C4: P10_MENU
A5: X2X DIO | C5: P11_MIMIC | D5: Track584 Block | F5: Track681 | G5: Track682 | H5: Track683 | I5: Tracking68.Index | K5: CRE Speed on Washer Tab
A6: X2X Mapping | C6: P12_OPTIONS | D6: Batching Modes Drop down
A7: InvPars Enable/Disable Inverters | C7: P13_SETTINGS | D7: Analog scaling | F7: Delay for resetting multiple, CF2Slow1
A8: SOFTWARE CONFIGURATION | C8: P14_DRIVES
A9: IO Program | C9: P15_SERVOS | D9: Analog scaling
A10: SensorInput Program | C10: P16_RIO
A11: Timeouts Program | C11: P17_ALARM
A12: LineConfig Program Commenting | C12: P18_WARNING
A13: Control.Empty Conditions | C13: P19_EVENT
A14: Track13 Conditions | C14: P20_ASHTON_TECH
A15: Track33 Conditions | C15: P21_SDM
A16: ResetBits Program Commenting
A17: ConRobot Program Commenting
A18: ConFeed Program Commenting
A19: ConLoad Program Commenting
A20: ConSeam1 Program Commenting
A21: Seaming1 Program Commenting
A22: ConCorner Program Commenting
A23: ConSeam2 Program Commenting
A24: Seaming2 Program Commenting
A25: ConRunout Program Commenting
A26: ConRow Program Commenting
A27: ConRows Program Commenting
... A74: RUMTIME COMPLETION CONTROLS FOR ACCEL/DECEL INVERTER PARAMETERS

Sheet Motors
C2: CL1 | D2: CS1 | E2: CV1 | F2: CC1 | G2: CC2 | H2: CS2 | I2: CV2 | J2: CC3 | K2: CC4 | L2: CB1 | M2: CB2 | N2: CRB | O2: CRE | P2: CLB
B3: Parameter | C3: INV1 | D3: INV2 | E3: INV3 | F3: INV4 | G3: INV5 | H3: INV6 | I3: INV7 | J3: INV8 | K3: INV9 | L3: INV10 | M3: INV11 | N3: INV12 | O3: INV13 | P3: INV14
C4: XM00151 | D4: XM00157 | E4: XM00157 | F4: XM00151 | G4: XM00152 | H4: XM00157 | I4: XM00157 | J4: XM00152 | K4: XM00151 | L4: XM00151 | M4: XM00151 | N4: XM00151 | O4: XM00152 | P4: XM00155
A5: KW | B5: NPR | C5: 220 | D5: 220 | E5: 220 | F5: 220 | G5: 220 | H5: 220 | I5: 220 | J5: 220 | K5: 220 | L5: 220 | M5: 220 | N5: 220 | O5: 220 | P5: 220
A6: Cos | B6: COS | C6: 76 | D6: 85 | E6: 85 | F6: 76 | G6: 85 | H6: 85 | I6: 85 | J6: 85 | K6: 76 | L6: 76 | M6: 76 | N6: 76 | O6: 85 | P6: 85
A7: Rated Motor Voltage | B7: UNS | C7: 230 | D7: 230 | E7: 230 | F7: 230 | G7: 230 | H7: 230 | I7: 230 | J7: 230 | K7: 230 | L7: 230 | M7: 230 | N7: 230 | O7: 230 | P7: 230
A8: Rated Motor Current | B8: NCR | C8: 86 | D8: 80 | E8: 80 | F8: 86 | G8: 80 | H8: 80 | I8: 80 | J8: 80 | K8: 86 | L8: 86 | M8: 86 | N8: 86 | O8: 80 | P8: 80
A9: Rated Motor Frequency | B9: FRS | C9: 500 | D9: 500 | E9: 500 | F9: 500 | G9: 500 | H9: 500 | I9: 500 | J9: 500 | K9: 500 | L9: 500 | M9: 500 | N9: 500 | O9: 500 | P9: 500
A10: Rated Motor Speed | B10: NSP | C10: 1420 | D10: 2772 | E10: 2772 | F10: 1420 | G10: 2870 | H10: 2772 | I10: 2772 | J10: 2870 | K10: 1420 | L10: 1420 | M10: 1420 | N10: 1420 | O10: 2870 | P10: 2870
A12: Roller Conveyor | C12: XM00152
A13: Belt Conveyor | C13: XM00151
A14: Roller Conveyor w/Blower | C14: XM00155
A15: SM Pro Seamer Conveyor | C15: XM00157
C19: 1 | D19: CL1 | E19: CL1 | G19: CC5 > | H19: CB2 | J19: .Input | K19: .Module | L19: .Output
C20: 2 | D20: CL2 | E20: CL2 | G20: CB1 > | H20: CC5
C21: 3 | D21: CS1 | E21: CB1 | G21: CS1 > | H21: CB1
C22: 4 | D22: CC1 | E22: CS1 | G22: CC1 > | H22: CS1
C23: 5 | D23: CC2 | E23: CC1 | G23: CC2 > | H23: CC1
C24: 6 | D24: CS2 | E24: CC2 | G24: CS2 > | H24: CC2
C25: 7 | D25: CC3 | E25: CS2 | G25: CC3 > | H25: CS2
C26: 8 | D26: CC4 | E26: CC3 | G26: CC4 > | H26: CC3
C27: 9 | D27: CS3 | E27: CC4 | G27: CS3 > | H27: CC4
C28: 10 | D28: CC5 | E28: CB2 | G28: CC6 > | H28: CS3
C29: 11 | D29: CC6 | E29: CS3 | G29: CS4 > | H29: CC6
C30: 12 | D30: CB1 | E30: CC5 | G30: CR1 > | H30: CS4
C31: 13 | D31: CS4 | E31: CC6
C32: 14 | D32: CR1 | E32: CS4
C33: 15 | E33: CR1

Sheet Cycle Time
A1: Cycle Times Calculation
C2: Length | D2: Width | E2: Washer Speed
A3: Loading Conveyor | C3: 1100 | D3: 1000 | E3: 12
C4: Dist in mm | D4: Speed | E4: Time | G4: Section 1 End loading to Seamer 1
A5: Track102 | B5: Track from CL1.o.Fwd[0] (P) to S1Photo.Int (P) | C5: 3310 | D5: 45 | E5: =(C5/(D5/0.06)) -> 4.4133333 | G5: Assume 500mm of glass placed on conveyor
A6: Track107 | B6: Track from S1Photo.Int (P) to S31Reed.In (P) | E6: 0.5 | G6: Pallet Lift
A7: Track108 | B7: Track from S31Reed.In (P) to CL2Slow.Q (P) | E7: 1 | G7: Squaring Delay
A8: Track109 | B8: Track from CL2Slow.Q (P) to S30Reed.In (P) | E8: 0.5 | G8: Pallet Lower
A9: Track10A | B9: Track from S30Reed.In (P) to S3Photo.Int (P) | C9: 200 | D9: 10 | E9: =(C9/(D9/0.06)) -> 1.2 | G9: To Seek and Find position
A10: Track09 | B10: S3Photo.Int (P) to Tracking0.Fin (P) | E10: 3 | G10: Seek and Find
A11: Track10 | B11: Tracking0.Fin (P) to NOT Tracking1.Blocked (-) | E11: 0 | G11: Waiting for following conveyors to clear
E13: =SUM(E5:E11) -> 10.613333
A15: Time to Clear | C15: Dist in mm | D15: Speed | E15: Time
A16: Track11 | B16: NOT Tracking1.Blocked (-) to S3Photo.Int (N) | C16: =C3 -> 1100 | D16: 35 | E16: =(C16/(D16/0.06)) -> 1.8857143 | G16: Back edge of glass to clear C1
D18: Section 1 Cycle time | E18: =E16+E13 -> 12.499048 | G18: Time before next loading
A21: Seamer 1 | C21: Dist in mm | D21: Speed | E21: Time | G21: Section 2 Seamer 1 to End of C3
A22: Track11 | B22: NOT Tracking1.Blocked (-) to S3Photo.Int (N) | C22: =C3 -> 1100 | D22: 35 | E22: =(C22/(D22/0.06)) -> 1.8857143 | G22: Back edge of glass to clear C1
A23: Track12 | B23: S3Photo.Int (N) to S4Photo.Int (N) | C23: 200 | D23: 35 | E23: =(C23/(D23/0.06)) -> 0.34285714 | G23: Back edge of glass to clear Process sensor
A24: Track413 | B24: Track from S4Photo.Int (N) to Belts1.Done (P) | C24: 800 | D24: 35 | E24: =(C24/(D24/0.06)) -> 1.3714286 | G24: Back edge of glass to clear grinding belts
A25: Track414 | B25: Track from Belts1.Done (P) to S25Photo.Int (P) | C25: 310 | D25: 45 | E25: =(C25/(D25/0.06)) -> 0.41333333 | G25: Leading edge to end of C3
A26: Track415 | B26: Track from S25Photo.Int (P) to NOT Tracking501.Blocked (-) | E26: 0 | G26: Waiting for following conveyors to clear
E28: =SUM(E22:E26) -> 4.0133333
A30: Time to Clear | C30: Dist in mm | D30: Speed | E30: Time
A31: Track516 | B31: Track from NOT Tracking501.Blocked (-) to S6Photo.Int (P) | C31: 3760 | D31: 45 | E31: =(C31/(D31/0.06)) -> 5.0133333 | G31: To slow down sensor C4.
D33: Section 2 Cycle time | E33: =SUM(E31+E28) -> 9.0266667 | G33: Time before following section can restart
C35: Dist in mm | D35: Speed | E35: Time | G35: Section 3 End of C3 to Seamer 2
A36: Track516 | B36: Track from NOT Tracking501.Blocked (-) to S6Photo.Int (P) | C36: 3760 | D36: 45 | E36: =(C36/(D36/0.06)) -> 5.0133333 | G36: To slow down sensor C4.
A37: Track517 | B37: Track from S6Photo.Int (P) to CC1Slow.Q (P) | E37: 1.2 | G37: Squaring to Datum
A38: Track519 | B38: Track from CC1Slow.Q (P) to S33Reed.In (P) | E38: 0.5 | G38: Pallet Lift
A39: Track26 | B39: Track from S33Reed.In (P) to S8Photo.Int (P) | C39: 150 | D39: 35 | E39: =(C39/(D39/0.06)) -> 0.25714286 | G39: To slow down sensor
A40: Track27 | B40: Track from S8Photo.Int (P) to S9Photo.Int (P) | C40: 150 | D40: 10 | E40: =(C40/(D40/0.06)) -> 0.9 | G40: To Seek and Find position
A41: Track29 | B41: S9Photo.Int (P) to Ax2.SeekFin (P) | E41: 3 | G41: Seek and Find
A42: Track30 | B42: Ax2.SeekFin (P) to NOT Tracking3.Blocked (-) | E42: 0 | G42: Waiting for following conveyors to clear
E44: =SUM(E36:E42) -> 10.870476
A46: Time to Clear | C46: Dist in mm | D46: Speed | E46: Time
A47: Track31 | B47: NOT Tracking3.Blocked (-) to S9Photo.Int (N) | C47: =D3 -> 1000 | D47: 35 | E47: =(C47/(D47/0.06)) -> 1.7142857 | G47: Back edge of glass to clear C4
B48: Pallet Down | E48: 0.5 | G48: Pallet Lower
D50: Section 3 Cycle time | E50: =SUM(E44:E48) -> 13.084762 | F50: *1
A53: Seamer 2 | C53: Dist in mm | D53: Speed | E53: Time | G53: Row Building
A54: Track31 | B54: NOT Tracking3.Blocked (-) to S9Photo.Int (N) | C54: =D3 -> 1000 | D54: 35 | E54: =(C54/(D54/0.06)) -> 1.7142857 | G54: Back edge of glass to clear C4
A55: Track32 | B55: S9Photo.Int (N) to S10Photo.Int (N) | C55: 200 | D55: 35 | E55: =(C55/(D55/0.06)) -> 0.34285714 | G55: Back edge of glass to clear Process sensor
A56: Track34 | B56: Track from S10Photo.Int (N) to S14Photo.Int (P) | C56: 615 | D56: 35 | E56: =(C56/(D56/0.06)) -> 1.0542857 | G56: Leading edge of glass to make C6 start sensor
A57: Track35 | B57: Track from S14Photo.Int (P) to S15Photo.Int (P) | C57: 100 | D57: 35 | E57: =(C57/(D57/0.06)) -> 0.17142857 | G57: Leading edge of glass to make row building sensor
A58: Track38 | B58: Track from S15Photo.Int (P) to S15Photo.Int (N) | C58: =D3 -> 1000 | D58: 35 | E58: =(C58/(D58/0.06)) -> 1.7142857 | G58: Glass to pass row building sensor
A59: Track39 | B59: Track from S15Photo.Int (N) to S15Photo.Int (P) | C59: 100 | D59: 10 | E59: =(C59/(D59/0.06)) -> 0.6 | G59: Glass to reverse to row building sensor
D61: Time to position each piece in row | E61: =SUM(E54:E59) -> 5.5971429 | F61: *5
A63: Time to Clear | C63: Dist in mm | D63: Speed | E63: Time | G63: Move Row to C7
A64: Track51 | B64: Track from S15Photo.Int (P) to RowTemp.Done (P) | E64: 0 | G64: Wait till row building done
A65: Track52 | B65: Track from RowTemp.Done (P) to Centering.Q (P) | C65: =(2700-((C74*D74) + ((C74-1)*50)))/2 -> 325 | D65: 10 | E65: =(C65/(D65/0.06)) -> 1.95 | F65: *6 | G65: Centering delay
A66: Track53 | B66: Track from Centering.Q (P) to S36Reed.In (P) | E66: 0.5 | G66: Pallet Lower
A67: Track154 | B67: Track from S36Reed.In (P) to S17Photo.Int (P) | C67: 100 | D67: 30 | E67: =(C67/(D67/0.06)) -> 0.2 | G67: Leading edge to make C6 clear sensor
A68: Track155 | B68: Track from S17Photo.Int (P) to S17Photo.Int (N) | C68: =C3 -> 1100 | D68: 30 | E68: =(C68/(D68/0.06)) -> 2.2 | G68: Back edge to clear C6 clear sensor
D70: Time to clear row | E70: =SUM(E64:E68) -> 4.85
D72: Time for last piece to clear from C4 to C7 | E72: =E70+E61 -> 10.447143 | F72: *2
B74: Number in row | C74: =FLOOR(2700/D3,1) -> 2 | D74: 1000
A76: Time to Clear | C76: Dist in mm | D76: Speed | E76: Time | G76: Clear C7 into washer
A77: Track256 | B77: Track from S17Photo.Int (N) to S18Photo.Int (P) | C77: 170 | D77: =E3 -> 12 | E77: =(C77/(D77/0.06)) -> 0.85 | G77: Leading edge to make C7 clear sensor
A78: Track257 | B78: Track from S18Photo.Int (P) to S18Photo.Int (N) | C78: =C3 -> 1100 | D78: =E3 -> 12 | E78: =(C78/(D78/0.06)) -> 5.5 | G78: Back edge to clear C7 clear sensor
D80: Row to clear into washer | E80: =SUM(E77:E78) -> 6.35 | F80: *8
D82: From row complete into washer | E82: =E80+E70 -> 11.2
C84: Dist in mm | D84: Speed | E84: Time
A85: Track256 | B85: Track from S17Photo.Int (N) to S18Photo.Int (P) | C85: 170 | D85: =E3 -> 12 | E85: =(C85/(D85/0.06)) -> 0.85 | F85: *4 | G85: Leading edge to make C7 clear sensor
A86: Track257 | B86: Track from S18Photo.Int (P) to S18Photo.Int (N) | C86: =C3 -> 1100 | D86: =E3 -> 12 | E86: =(C86/(D86/0.06)) -> 5.5 | G86: Back edge to clear C7 clear sensor
A87: Track558 | B87: Track from S18Photo.Int (N) to S31Photo.Int (P) | C87: 795 | D87: =E3 -> 12 | E87: =(C87/(D87/0.06)) -> 3.975 | G87: Leading edge to make batching sensor
A88: Track559 | B88: Track from S31Photo.Int (P) to WR1Slow.Q (P) | C88: =C3 -> 1100 | D88: =E3 -> 12 | E88: =(C88/(D88/0.06)) -> 5.5 | G88: Back edge to clear batching sensor and stop delay
D90: C7 to batching position | E90: =SUM(E85:E88) -> 15.825 | F90: *3
C92: Dist in mm | D92: Speed | E92: Time
A93: Track62 | B93: Track from CLBSlow.Q (P) to LoadTemp.Done (P) | E93: 0 | G93: Waiting for batching complete. Calculated from following rows.
B94: Pivot Conveyor | E94: 8 | G94: Pivot conveyor
A95: Track64 | B95: Track from S18Photo.Int (P) to CLBClear.Q (P) | C95: 5000 | D95: 30 | E95: =(C95/(D95/0.06)) -> 10 | G95: Clear full load onto furnace conveyor
B96: Pivot Conveyor | E96: 8 | G96: Pivot conveyor
E98: =SUM(E93:E97) -> 26
D100: Restart time for row waiting before washer | E100: =SUM(E93:E95) -> 18 | F100: *7 | G100: Rows can be released into washer as pivot rotates back. Pivot is quicker than transport through washer
B103: Summary. | E103: Time
B104: =C74&" PIECES OF GLASS IN ROW TAKES " -> 2 PIECES OF GLASS IN ROW TAKES | C104: *1 | D104: ="X "&C74 -> X 2 | E104: =2*E50 -> 26.169524
B105: TIME FOR ROW TO COMPLETE AND CLEAR C6 | C105: *2 | E105: =E72 -> 10.447143
B106: IS THIS TIME LESS THAN TIME FOR NEXT GLASS? | C106: *1 - *2 | E106: =E50-E72 -> 2.637619 | F106: *11 | G106: =IF(E106>=0,"YES","NO") -> YES
B107: TIME FOR ROW TO REACH BATCHING POSITION | C107: *3 | E107: =E90 -> 15.825 | F107: *12
B108: TIME BEFORE NEXT ROW READY AND AT END C7 | C108: *1+*2+*4+*11 | E108: =E50+E72+E106+E85 -> 27.019524 | F108: *13
B109: TIME AFTER BATCH COMPLETE BEFORE ROW AT END C7 | C109: *13 - *12 | E109: =E108-E107 -> 11.194524 | F109: *14
B110: TIME BEFORE FOLLOWING ROW READY | C110: *1+*11+*5+*6 | E110: =E50+E106+E61+E65 -> 23.269524
B111: WILL PRECEDING ROW BE CLEAR BEFORE THIS? | C111: *7+*8 | E111: =E100+E80 -> 24.35 | G111: =IF((E111-E110)<0,"YES","NO") -> NO
B112: ="WITH "&C74&" PIECES IN ROW, WILL ADD THIS MUCH TO CYCLE TIME" -> WITH 2 PIECES IN ROW, WILL ADD THIS MUCH TO CYCLE TIME | E112: =(E111-E110)/C74 -> 0.5402381 | F112: *15
B114: ="CYCLE TIME FOR "&C3/1000&"M BY "&D3/1000&"M GLASS," -> CYCLE TIME FOR 1.1M BY 1M GLASS,
B115: ="WITH A WASHER SPEED OF "&E3&" IS:" -> WITH A WASHER SPEED OF 12 IS: | C115: *1+*15 | E115: =E50+E112 -> 13.625

Sheet Visualisation
A1: Checklist to create Service Visualisation.
A2: 1 | B2: Delete SRVXGA Visualisation.
A3: 2 | B3: Add object, new visualisation (Empty).
A4: 3 | B4: Import 'HMI' visualisation, overwrite where necessary, into new visualisation 'SRVXGA'.
A5: 4 | B5: Delete 'Resources' page.
A6: 5 | B6: Amend all page numbering
A7: 6 | B7: Add Page controls | D7: Default>Page | F7: P00_INITIALIZE
D8: Page>ChangeDatapoint | F8: PLC.VisControl.ServiceVis.Page.New
D9: Page>CurrentDatapoint | F9: PLC.VisControl.ServiceVis.Page.Current
A10: 7 | B10: ETH1 Configuration | D10: VNC Server 2> VC object name | F10: SRVXGA
A11: 8 | B11: Add VNC passwords to ETH1 Configuration
A12: 9 | B12: Refactor Vis to ServiceVis
A13: 10 | B13: Refactor Level to ServiceLevel
A14: 11 | B14: Refactor ServiceVis.EMO to Vis.EMO
A15: 12 | B15: Change TouchPad in Color > Numeric > Input Styleclass to Numpad
A16: 13 | B16: Any changes made to HMIControl programmes, must be made to ServiceControl programs
A17: 14 | B17: If 14 true, change all Vis. To ServiceVis. And Level. To ServiceLevel.
C24: Mimic Help | D24: Runtime | E24: Type | F24: Layer
C25: Position 1 | D25: Vis.P11.Status[0]
C26: Tracking20.Busy | D26: Vis.P11.Status1[0] | E26: RESET | F26: Help1_1 | H26: SEAMER 2
C27: Track208.Active | D27: Vis.P11.Layers.Layer1 | E27: BLOCK | F27: Help1_1Block
C28: Position 2 | D28: Vis.P11.Status[1]
C29: Tracking30.Busy | D29: Vis.P11.Status1[1] | E29: RESET | F29: Help2_1 | H29: BUFFER 1
C30: Track302.Active | D30: Vis.P11.Layers.Layer2 | E30: BLOCK | F30: Help2_1Block
C31: Position 3 | D31: Vis.P11.Status[2]
C32: Tracking40.Busy | D32: Vis.P11.Status1[2] | E32: RESET | F32: Help3_1 | H32: BUFFER 2
C33: Track402.Active | D33: Vis.P11.Layers.Layer3 | E33: BLOCK | F33: Help3_1Block
C34: Tracking41.Busy | D34: Vis.P11.Status1[3] | E34: RESET | F34: Help3_2
C35: Position 4 | D35: Vis.P11.Status[3]
C36: Tracking50.Busy | D36: Vis.P11.Status1[4] | E36: RESET | F36: Help4_1 | H36: ROW BUILDING
C37: Tracking80.Busy | D37: Vis.P11.Status1[5] | E37: RESET | F37: Help4_2
C38: Tracking51.Busy | D38: Vis.P11.Status1[13] | E38: RESET | F38: Help4_3
C39: Track513.Active | D39: Vis.P11.Layers.Layer11 | E39: BLOCK | F39: Help4_3Block
C40: Position 5 | D40: Vis.P11.Status[4]
C41: Tracking60.Busy | D41: Vis.P11.Status1[6] | E41: RESET | F41: Help5_1 | H41: LOAD BUILDING
C42: Track603.Active | D42: Vis.P11.Layers.Layer4 | E42: BLOCK | F42: Help5_1Block
C43: Tracking70.Busy | D43: Vis.P11.Status1[7] | E43: RESET | F43: Help5_2
C44: Tracking81.Busy | D44: Vis.P11.Status1[8] | E44: RESET | F44: Help5_3
C45: Track812.Active | D45: Vis.P11.Layers.Layer5 | E45: BLOCK | F45: Help5_3Block
C46: Tracking82.Busy | D46: Vis.P11.Status1[9] | E46: RESET | F46: Help5_4
C47: Position 6 | D47: Vis.P11.Status[5]
C48: Tracking00.Busy | D48: Vis.P11.Status1[10] | E48: RESET | F48: Help6_1 | H48: LOADING
C49: Track005.Active | D49: Vis.P11.Layers.Layer6 | E49: BLOCK | F49: Help6_1Block
C50: Ax1.Blocked | D50: Vis.P11.Layers.Layer7 | E50: BLOCK | F50: Help6_2Block
C51: Position 7 | D51: Vis.P11.Status[6]
C52: Tracking10.Busy | D52: Vis.P11.Status1[11] | E52: RESET | F52: Help7_1 | H52: SEAMER 1
C53: Track108.Active | D53: Vis.P11.Layers.Layer8 | E53: BLOCK | F53: Help7_1Block
C54: Position 8 | D54: Vis.P11.Status[7]
C55: Tracking11.Busy | D55: Vis.P11.Status1[12] | E55: RESET | F55: Help8_1 | H55: CORNER
C56: Track115.Active | D56: Vis.P11.Layers.Layer9 | E56: BLOCK | F56: Help8_1Block
C57: Ax2.Blocked | D57: Vis.P11.Layers.Layer10 | E57: BLOCK | F57: Help8_2Block
C58: Position 9 | D58: Vis.P11.Status[8]
F59: Help9_1 | H59: INFORMATION
C60: Position 10 | D60: Vis.P11.Status[9]
F61: Help10_1 | H61: BATCHING

Sheet Next Size
A2: LoadDisplay.Count = 1
A3: Width[0] = 0.0
A4: Row 1 | B4: Row 2
A5: 1 | M5: 45 POSSIBLE COMBINATIONS WITH UP TO 4 PIECES
A6: Width[0] > 0.0 | M6: 93 POSSIBLE COMBINATIONS WITH UP TO 5 PIECES
A7: Row 1 | B7: Row 2
A8: 0 | B8: 1
A9: 1
A11: LoadDisplay.Count = 2
A12: Width[0] = 0.0
A13: Row 1 | C13: Row 2
A14: 1 | B14: 0 | C14: 1
A15: 1 | B15: 1
A16: Width[0] > 0.0
A17: Row 1 | C17: Row 2 | E17: Row 3
A18: 0 | B18: 0 | C18: 1 | D18: 0 | E18: 1
A19: 0 | B19: 0 | C19: 1 | D19: 1
A20: 1 | B20: 0 | C20: 1
A21: 1 | B21: 1
A23: LoadDisplay.Count = 3
A24: Width[0] = 0.0
A25: Row 1 | D25: Row 2 | G25: Row 3
A26: 1 | B26: 0 | C26: 0 | D26: 1 | E26: 0 | F26: 0 | G26: 1 | O26: =SUM(A26:N26) -> 3 | P26: D
A27: 1 | B27: 0 | C27: 0 | D27: 1 | E27: 1 | O27: =SUM(A27:N27) -> 3 | P27: C
A28: 1 | B28: 1 | C28: 0 | D28: 1 | O28: =SUM(A28:N28) -> 3 | P28: B
A29: 1 | B29: 1 | C29: 1 | P29: A
A30: Width[0] > 0.0
A31: Row 1 | D31: Row 2 | G31: Row 3 | J31: Row 4
A32: 0 | B32: 0 | C32: 0 | D32: 1 | E32: 0 | F32: 0 | G32: 1 | H32: 0 | I32: 0 | J32: 1 | O32: =SUM(A32:N32) -> 3 | P32: H
A33: 0 | B33: 0 | C33: 0 | D33: 1 | E33: 0 | F33: 0 | G33: 1 | H33: 1 | O33: =SUM(A33:N33) -> 3 | P33: G
A34: 0 | B34: 0 | C34: 0 | D34: 1 | E34: 1 | F34: 0 | G34: 1 | O34: =SUM(A34:N34) -> 3 | P34: F
A35: 0 | B35: 0 | C35: 0 | D35: 1 | E35: 1 | F35: 1 | O35: =SUM(A35:N35) -> 3 | P35: E
A36: 1 | B36: 0 | C36: 0 | D36: 1 | E36: 0 | F36: 0 | G36: 1 | O36: =SUM(A36:N36) -> 3 | P36: D
A37: 1 | B37: 0 | C37: 0 | D37: 1 | E37: 1 | O37: =SUM(A37:N37) -> 3 | P37: C
A38: 1 | B38: 1 | C38: 0 | D38: 1 | O38: =SUM(A38:N38) -> 3 | P38: B
A39: 1 | B39: 1 | C39: 1 | O39: =SUM(A39:N39) -> 3 | P39: A
A41: LoadDisplay.Count = 4
A42: Width[0] = 0.0
A43: Row 1 | E43: Row 2 | I43: Row 3 | M43: Row 4
A44: 1 | B44: 0 | C44: 0 | D44: 0 | E44: 1 | F44: 0 | G44: 0 | H44: 0 | I44: 1 | J44: 0 | K44: 0 | L44: 0 | M44: 1 | R44: H
A45: 1 | B45: 0 | C45: 0 | D45: 0 | E45: 1 | F45: 0 | G45: 0 | H45: 0 | I45: 1 | J45: 1 | R45: G
A46: 1 | B46: 0 | C46: 0 | D46: 0 | E46: 1 | F46: 1 | G46: 0 | H46: 0 | I46: 1 | R46: F
A47: 1 | B47: 0 | C47: 0 | D47: 0 | E47: 1 | F47: 1 | G47: 1 | R47: E
A48: 1 | B48: 1 | C48: 0 | D48: 0 | E48: 1 | F48: 0 | G48: 0 | H48: 0 | I48: 1 | R48: D
A49: 1 | B49: 1 | C49: 0 | D49: 0 | E49: 1 | F49: 1 | R49: C
A50: 1 | B50: 1 | C50: 1 | D50: 0 | E50: 1 | R50: B
A51: 1 | B51: 1 | C51: 1 | D51: 1 | R51: A
A52: Width[0] > 0.0
A53: Row 1 | E53: Row 2 | I53: Row 3 | M53: Row 4 | Q53: Row 5
A54: 0 | B54: 0 | C54: 0 | D54: 0 | E54: 1 | F54: 0 | G54: 0 | H54: 0 | I54: 1 | J54: 0 | K54: 0 | L54: 0 | M54: 1 | N54: 0 | O54: 0 | P54: 0 | Q54: 1 | V54: =SUM(A54:U54) -> 4 | W54: P
A55: 0 | B55: 0 | C55: 0 | D55: 0 | E55: 1 | F55: 0 | G55: 0 | H55: 0 | I55: 1 | J55: 0 | K55: 0 | L55: 0 | M55: 1 | N55: 1 | V55: =SUM(A55:U55) -> 4 | W55: O
A56: 0 | B56: 0 | C56: 0 | D56: 0 | E56: 1 | F56: 0 | G56: 0 | H56: 0 | I56: 1 | J56: 1 | K56: 0 | L56: 0 | M56: 1 | V56: =SUM(A56:U56) -> 4 | W56: N
A57: 0 | B57: 0 | C57: 0 | D57: 0 | E57: 1 | F57: 0 | G57: 0 | H57: 0 | I57: 1 | J57: 1 | K57: 1 | V57: =SUM(A57:U57) -> 4 | W57: M
A58: 0 | B58: 0 | C58: 0 | D58: 0 | E58: 1 | F58: 1 | G58: 0 | H58: 0 | I58: 1 | J58: 0 | K58: 0 | L58: 0 | M58: 1 | V58: =SUM(A58:U58) -> 4 | W58: L
A59: 0 | B59: 0 | C59: 0 | D59: 0 | E59: 1 | F59: 1 | G59: 0 | H59: 0 | I59: 1 | J59: 1 | V59: =SUM(A59:U59) -> 4 | W59: K
A60: 0 | B60: 0 | C60: 0 | D60: 0 | E60: 1 | F60: 1 | G60: 1 | H60: 0 | I60: 1 | V60: =SUM(A60:U60) -> 4 | W60: J
A61: 0 | B61: 0 | C61: 0 | D61: 0 | E61: 1 | F61: 1 | G61: 1 | H61: 1 | V61: =SUM(A61:U61) -> 4 | W61: I
A62: 1 | B62: 0 | C62: 0 | D62: 0 | E62: 1 | F62: 0 | G62: 0 | H62: 0 | I62: 1 | J62: 0 | K62: 0 | L62: 0 | M62: 1 | V62: =SUM(A62:U62) -> 4 | W62: H
A63: 1 | B63: 0 | C63: 0 | D63: 0 | E63: 1 | F63: 0 | G63: 0 | H63: 0 | I63: 1 | J63: 1 | V63: =SUM(A63:U63) -> 4 | W63: G
A64: 1 | B64: 0 | C64: 0 | D64: 0 | E64: 1 | F64: 1 | G64: 0 | H64: 0 | I64: 1 | V64: =SUM(A64:U64) -> 4 | W64: F
A65: 1 | B65: 0 | C65: 0 | D65: 0 | E65: 1 | F65: 1 | G65: 1 | V65: =SUM(A65:U65) -> 4 | W65: E
A66: 1 | B66: 1 | C66: 0 | D66: 0 | E66: 1 | F66: 0 | G66: 0 | H66: 0 | I66: 1 | V66: =SUM(A66:U66) -> 4 | W66: D
A67: 1 | B67: 1 | C67: 0 | D67: 0 | E67: 1 | F67: 1 | V67: =SUM(A67:U67) -> 4 | W67: C
A68: 1 | B68: 1 | C68: 1 | D68: 0 | E68: 1 | V68: =SUM(A68:U68) -> 4 | W68: B
A69: 1 | B69: 1 | C69: 1 | D69: 1 | V69: =SUM(A69:U69) -> 4 | W69: A

Sheet Batch Display
B3: display area | D3: 98" x 197" | I3: Test
D4: =98*25.4 -> 2489.2 | E4: =197*25.4 -> 5003.8 | I4: =(D4-100)/3 -> 796.4 | K4: =(E4-360)/5 -> 928.76 | P4: 796.4 | R4: =(P4*P6)+(P5*(P6-1)) -> 2489.2
P5: 50
D6: 1024 | E6: 1752 | I6: 796.4 | J6: X | K6: 928.7 | P6: 3
D7: =D4/D6 -> 2.4308594 | E7: =E4/E6 -> 2.8560502 | I7: =I6/25.4 -> 31.354331 | K7: =K6/25.4 -> 36.562992 | N7: =25.4/16 -> 1.5875
C8: 345 | D8: =D4*(C8/1000) -> 858.774 | E8: =E4*(C8/1000) -> 1726.311 | S8: 796.4 | T8: =S8/25.4 -> 31.354331
D9: =((FLOOR(D8/8,1))+1)*8 -> 864 | E9: =((FLOOR(E8/8,1))+1)*8 -> 1728 | G9: =1920-E9 -> 192 | I9: =(I6*3)+100 -> 2489.2 | J9: =I9*0.35 -> 871.22 | T9: =FLOOR(T8,1) -> 31
D10: =((1080-D9)/2) -> 108 | T10: =T9*25.4 -> 787.4
T11: =S8-T10 -> 9 | U11: =T11/S13 -> 5.6692913
A12: 1920 | B12: 1080 | G12: Rectangle | H12: 5 x 0.5 x 0.35m | L12: Text | T12: =T11*10 -> 90
A13: 5004 | B13: 2490 | F13: =CEILING(((2200-1950)/2) *0.375,1) -> 47 | G13: =F13+128 -> 175 | H13: y1(Top) | I13: 23 | J13: x1(Left) | L13: =I13+5 -> 28 | M13: x1(Left) | N13: =G13+5 -> 180 | O13: y1(Top) | S13: =25.4*(1/16) -> 1.5875
A14: =A13*0.35 -> 1751.4 | B14: =B13*0.35 -> 871.5 | F14: =FLOOR(350*0.375,1) -> 131 | G14: 131 | H14: y2(Height) | I14: 187 | J14: x2(Width)
A15: =A12/A13 -> 0.38369305 | B15: =B12/B13 -> 0.43373494 | F15: =FLOOR(50*0.375,1) -> 18 | G15: =G13+150 -> 325 | H15: y1(Top) | I15: 23 | J15: x1(Left) | L15: =I15+5 -> 28 | M15: x1(Left) | N15: =G15+5 -> 330 | O15: y1(Top)
G16: 131 | H16: y2(Height) | I16: 187 | J16: x2(Width)
G17: =G15+150 -> 475 | H17: y1(Top) | I17: 23 | J17: x1(Left) | L17: =I17+5 -> 28 | M17: x1(Left) | N17: =G17+5 -> 480 | O17: y1(Top)
A18: 1800 | B18: 1000 | G18: 131 | H18: y2(Height) | I18: 187 | J18: x2(Width)
A19: =A18*0.375 -> 675 | B19: =B18*0.375 -> 375 | G19: =G17+150 -> 625 | H19: y1(Top) | I19: 23 | J19: x1(Left) | L19: =I19+5 -> 28 | M19: x1(Left) | N19: =G19+5 -> 630 | O19: y1(Top)
G20: 131 | H20: y2(Height) | I20: 187 | J20: x2(Width)
D21: =FLOOR(2200/350,1) -> 6 | E21: =(350*5) + ((5-1)*50) -> 1950 | G21: =G19+150 -> 775 | H21: y1(Top) | I21: 23 | J21: x1(Left) | L21: =I21+5 -> 28 | M21: x1(Left) | N21: =G21+5 -> 780 | O21: y1(Top)
G22: 131 | H22: y2(Height) | I22: 187 | J22: x2(Width)
A25: Left | B25: Top | G25: 2 x 1.8 x 1.0m | L25: Text
A26: 23 | B26: 128 | F26: =FLOOR((70*0.375),1) -> 26 | G26: =I13+I14+F26 -> 236 | H26: x1(Left) | I26: 156 | J26: y1(Top) | L26: =G26+5 -> 241 | N26: =I26+5 -> 161
G27: 675 | H27: x2(Width) | I27: 375 | J27: y2(Height)
G28: 236 | H28: x1(Left) | I28: 549 | J28: y1(Top) | L28: =G28+5 -> 241 | N28: =I28+5 -> 554
G29: 675 | H29: x2(Width) | I29: 375 | J29: y2(Height)
A31: =SUM(A33:A42) -> 4010 | B31: =5000-A31 -> 990 | C31: =FLOOR(A31*0.375,1) -> 1503 | D31: =C31+23 -> 1526
G32: 3 x 1.5 x 0.7m | L32: Text
A33: 500 | D33: Length | E33: 1500 | F33: =FLOOR(E33*0.375,1) -> 562 | G33: 938 | H33: x1(Left) | I33: 128 | J33: y1(Top) | L33: =G33+5 -> 943 | N33: =I33+5 -> 133
A34: 70 | D34: Width | E34: 700 | F34: =FLOOR(E34*0.375,1) -> 262 | G34: 562 | H34: x2(Width) | I34: 262 | J34: y2(Height)
A35: 1800 | D35: Width + Gap | E35: =E34+50 -> 750 | F35: =FLOOR(E35*0.375,1) -> 281 | G35: 938 | H35: x1(Left) | I35: =I33+281 -> 409 | J35: y1(Top) | L35: =G35+5 -> 943 | N35: =I35+5 -> 414
A36: 70 | G36: 562 | H36: x2(Width) | I36: 262 | J36: y2(Height)
A37: 1500 | G37: 938 | H37: x1(Left) | I37: =I35+281 -> 690 | J37: y1(Top) | L37: =G37+5 -> 943 | N37: =I37+5 -> 695
A38: 70 | G38: 562 | H38: x2(Width) | I38: 262 | J38: y2(Height)
G41: 5 x 0.9 x 0.4m | L41: Text
D42: Length | E42: 900 | F42: =FLOOR(E42*0.375,1) -> 337 | G42: 1526 | H42: x1(Left) | I42: 128 | J42: y1(Top) | L42: =G42+5 -> 1531 | N42: =I42+5 -> 133
D43: Width | E43: 400 | F43: =FLOOR(E43*0.375,1) -> 150 | G43: 337 | H43: x2(Width) | I43: 150 | J43: y2(Height)
D44: Width + Gap | E44: =E43+50 -> 450 | F44: =FLOOR(E44*0.375,1) -> 168 | G44: 1526 | H44: x1(Left) | I44: =I42+168 -> 296 | J44: y1(Top) | L44: =G44+5 -> 1531 | N44: =I44+5 -> 301
G45: 337 | H45: x2(Width) | I45: 150 | J45: y2(Height)
G46: 1526 | H46: x1(Left) | I46: =I44+168 -> 464 | J46: y1(Top) | L46: =G46+5 -> 1531 | N46: =I46+5 -> 469
G47: 337 | H47: x2(Width) | I47: 150 | J47: y2(Height)
G48: 1526 | H48: x1(Left) | I48: =I46+168 -> 632 | J48: y1(Top) | L48: =G48+5 -> 1531 | N48: =I48+5 -> 637
G49: 337 | H49: x2(Width) | I49: 150 | J49: y2(Height)
G50: 1526 | H50: x1(Left) | I50: =I48+168 -> 800 | J50: y1(Top) | L50: =G50+5 -> 1531 | N50: =I50+5 -> 805
G51: 337 | H51: x2(Width) | I51: 150 | J51: y2(Height)
B55: Row1 | D55: old | E55: mirrored | F55: Row2 | H55: old | I55: mirrored | J55: Row3 | L55: old | M55: mirrored
A56: 1.Width | B56: 750 | C56: .x1 | D56: 81 | E56: 81 | F56: 800 | G56: .x1 | H56: 673 | I56: 673 | J56: 700 | K56: .x1 | L56: 1265 | M56: 1265 | R56: Metric | T56: Inches | U56: Fraction | V56: Denominator
A57: 1.Length | B57: 1600 | C57: .y1 | D57: 94 | E57: =E62+D64+E73 -> 655 | F57: 1575 | G57: .y1 | H57: 94 | I57: =I62+H64+I73 -> 638 | J57: 1550 | K57: .y1 | L57: 94 | M57: =M62+L64+M73 -> 673 | R57: 1500 | T57: =FLOOR(R57/25.4,1) -> 59 | U57: =((R57-(T57*25.4))/(25.4/16)) -> 0.88188976 | V57: 16
C58: .width | D58: 560 | E58: 560 | G58: .width | H58: 551 | I58: 551 | K58: .width | L58: 543 | M58: 543
C59: .height | D59: 263 | E59: 263 | G59: .height | H59: 280 | I59: 280 | K59: .height | L59: 245 | M59: 245
C60: .str | D60: '63 X 29 1/2' | G60: .str | H60: '62 X 31 1/2' | K60: .str | L60: '61 X 27 9/16'
A61: 2.Width | B61: 700 | C61: .x1 | D61: 81 | E61: 81 | F61: 750 | G61: .x1 | H61: 673 | I61: 673 | J61: 800 | K61: .x1 | L61: 1265 | M61: 1265
A62: 2.Length | B62: 1400 | C62: .y1 | D62: 375 | E62: =E67+D69+E73 -> 392 | F62: 1600 | G62: .y1 | H62: 392 | I62: =I67+H69+I73 -> 357 | J62: 1500 | K62: .y1 | L62: 367 | M62: =M67+L69+M73 -> 375 | U62: =((R57-(T57*25.4))/(25.4/16))*10 -> 8.8188976
C63: .width | D63: 490 | E63: 490 | G63: .width | H63: 560 | I63: 560 | K63: .width | L63: 525 | M63: 525
C64: .height | D64: 245 | E64: 245 | G64: .height | H64: 263 | I64: 263 | K64: .height | L64: 280 | M64: 280
C65: .str | D65: '55 1/8 X 27 9/16' | G65: .str | H65: '63 X 29 1/2' | K65: .str | L65: '59 1/16 X 31 1/2'
A66: 3.Width | B66: 800 | C66: .x1 | D66: 81 | E66: 81 | F66: 700 | G66: .x1 | H66: 673 | I66: 673 | J66: 750 | K66: .x1 | L66: 1265 | M66: 1265
A67: 3.Length | B67: 1500 | C67: .y1 | D67: 638 | E67: 94 | F67: 1550 | G67: .y1 | H67: 673 | I67: 94 | J67: 1600 | K67: .y1 | L67: 655 | M67: 94
C68: .width | D68: 525 | E68: 525 | G68: .width | H68: 543 | I68: 543 | K68: .width | L68: 560 | M68: 560
C69: .height | D69: 280 | E69: 280 | G69: .height | H69: 245 | I69: 245 | K69: .height | L69: 263 | M69: 263
C70: .str | D70: '59 1/16 X 31 1/2' | G70: .str | H70: '61 X 27 9/16' | K70: .str | L70: '63 X 29 1/2'
B71: =B56+B61+B66+100 -> 2350 | D71: 823 | F71: =F56+F61+F66+100 -> 2350 | H71: 823 | J71: =J56+J61+J66+100 -> 2350 | L71: 823
D73: Gap Scaled | E73: 18 | I73: 18 | M73: 18
A75: Display Area
A76: .Left | B76: 79 | D76: CentreLine of Row | F76: =B77 + ((B79)/2) -> 506 | J76: =B77 + ((B79)/2) -> 506 | N76: =B77 + ((B79)/2) -> 506
A77: .Top | B77: 64 | D77: + Row Width /2 | F77: =CEILING(D71/2,1) -> 412 | J77: =CEILING(H71/2,1) -> 412 | N77: =CEILING(L71/2,1) -> 412
A78: .Width | B78: 1762 | D78: - Height | F78: =D59 -> 263 | J78: =H59 -> 280 | N78: =L59 -> 245
A79: .Height | B79: 884 | F79: =F76+F77-F78 -> 655 | J79: =J76+J77-J78 -> 638 | N79: =N76+N77-N78 -> 673
D81: Old | F81: =F79 -> 655 | J81: =J79 -> 638 | N81: =N79 -> 673
D82: - Height | F82: =D64 -> 245 | J82: =H64 -> 263 | N82: =L64 -> 280
D83: - Gap | F83: =E73 -> 18 | J83: =I73 -> 18 | N83: =M73 -> 18
F84: =F81-F82-F83 -> 392 | J84: =J81-J82-J83 -> 357 | N84: =N81-N82-N83 -> 375
D86: Old | F86: =F84 -> 392 | J86: =J84 -> 357 | N86: =N84 -> 375
D87: - Height | F87: =D69 -> 280 | J87: =H69 -> 245 | N87: =L69 -> 263
D88: - Gap | F88: =E73 -> 18 | J88: =I73 -> 18 | N88: =M73 -> 18
F89: =F86-F87-F88 -> 94 | J89: =J86-J87-J88 -> 94 | N89: =N86-N87-N88 -> 94
C91: =64 + (884/2) + (823/2) - 280 -> 637.5 | D91: 64 + (884/2) + ((VisBatch.Control.RowWidthScaled)/2) - VisBatch.Param.height
C92: =FLOOR(((884-823)/2)+64,1) -> 94 | D92: ((884 - VisBatch.Control.RowWidthScaled)/2) + 64
D94: VisBatch.Control.Y1Old - VisBatch.Param.height - VisBatch.Control.GapWScaled
D95: VisBatch.Param.height + VisBatch.Control.GapWScaled + VisBatch.Control.Y1Old
B97: Row1 | D97: old | F97: Row2 | H97: old | J97: Row3 | L97: old
A98: 1.Width | B98: 750 | C98: .x1 | D98: =CEILING((540+(D113/2)-D100),1) -> 687 | E98: 965 | F98: 800 | G98: .x1 | H98: =CEILING((540+(H113/2)-H100),1) -> 670 | I98: 915 | J98: 700 | K98: .x1 | L98: =CEILING((540+(L113/2)-L100),1) -> 704 | M98: 1015 | R98: Metric | T98: Inches | U98: Fraction | V98: Denominator
A99: 1.Length | B99: 1600 | C99: .y1 | D99: =CEILING((1775-D114),1) -> 1223 | F99: 1575 | G99: .y1 | H99: =CEILING((D99-H114-I116),1) -> 639 | I99: 1192 | J99: 1550 | K99: .y1 | L99: =CEILING((H99-L114-M116),1) -> 55 | M99: 4 | R99: 1500 | T99: =FLOOR(R99/25.4,1) -> 59 | U99: =((R99-(T99*25.4))/(25.4/16)) -> 0.88188976 | V99: 16
C100: .width | D100: =CEILING((B98*0.345),1) -> 259 | G100: .width | H100: =CEILING((F98*0.345),1) -> 276 | K100: .width | L100: =CEILING((J98*0.345),1) -> 242
C101: .height | D101: =CEILING((B99*0.345),1) -> 552 | G101: .height | H101: =CEILING((F99*0.345),1) -> 544 | K101: .height | L101: =CEILING((J99*0.345),1) -> 535
C102: .str | D102: '63 X 29 1/2' | G102: .str | H102: '62 X 31 1/2' | K102: .str | L102: '61 X 27 9/16'
A103: 2.Width | B103: 700 | C103: .x1 | D103: =CEILING((D98-D105-E115),1) -> 427 | E103: 965 | F103: 750 | G103: .x1 | H103: =CEILING((H98-H105-I115),1) -> 393 | I103: 915 | J103: 800 | K103: .x1 | L103: =CEILING((L98-L105-M115),1) -> 410 | M103: 1015
A104: 2.Length | B104: 1400 | C104: .y1 | D104: =D99 -> 1223 | F104: 1600 | G104: .y1 | H104: =H99 -> 639 | I104: 618 | J104: 1500 | K104: .y1 | L104: =L99 -> 55 | M104: 64794 | U104: =((R99-(T99*25.4))/(25.4/16))*10 -> 8.8188976
C105: .width | D105: =CEILING((B103*0.345),1) -> 242 | E105: 259 | G105: .width | H105: =CEILING((F103*0.345),1) -> 259 | I105: 276 | K105: .width | L105: =CEILING((J103*0.345),1) -> 276 | M105: 242
C106: .height | D106: =CEILING((B104*0.345),1) -> 483 | G106: .height | H106: =CEILING((F104*0.345),1) -> 552 | K106: .height | L106: =CEILING((J104*0.345),1) -> 518
C107: .str | D107: '55 1/8 X 27 9/16' | G107: .str | H107: '63 X 29 1/2' | K107: .str | L107: '59 1/16 X 31 1/2'
A108: 3.Width | B108: 800 | C108: .x1 | D108: =CEILING((D103-D110-E115),1) -> 133 | E108: 965 | F108: 700 | G108: .x1 | H108: =CEILING((H103-H110-I115),1) -> 133 | I108: 915 | J108: 750 | K108: .x1 | L108: =CEILING((L103-L110-M115),1) -> 133 | M108: 1015
A109: 3.Length | B109: 1500 | C109: .y1 | D109: =D104 -> 1223 | F109: 1550 | G109: .y1 | H109: =H104 -> 639 | I109: 35 | J109: 1600 | K109: .y1 | L109: =L104 -> 55 | M109: 64408
C110: .width | D110: =CEILING((B108*0.345),1) -> 276 | E110: 259 | G110: .width | H110: =CEILING((F108*0.345),1) -> 242 | I110: 276 | K110: .width | L110: =CEILING((J108*0.345),1) -> 259 | M110: 242
C111: .height | D111: =CEILING((B109*0.345),1) -> 518 | G111: .height | H111: =CEILING((F109*0.345),1) -> 535 | K111: .height | L111: =CEILING((J109*0.345),1) -> 552
C112: .str | D112: '59 1/16 X 31 1/2' | G112: .str | H112: '61 X 27 9/16' | K112: .str | L112: '63 X 29 1/2'
A113: RowWidth | B113: =B98+B103+B108+100 -> 2350 | D113: =CEILING((B113*0.345),1) -> 811 | F113: =F98+F103+F108+100 -> 2350 | H113: =CEILING((F113*0.345),1) -> 811 | J113: =J98+J103+J108+100 -> 2350 | L113: =CEILING((J113*0.345),1) -> 811
A114: Longest | B114: 1600 | D114: =CEILING((B114*0.345),1) -> 552 | F114: 1600 | H114: =CEILING((F114*0.345),1) -> 552 | J114: 1600 | L114: =CEILING((J114*0.345),1) -> 552
D115: Gap Scaled | E115: =CEILING((50*0.345),1) -> 18 | I115: =CEILING((50*0.345),1) -> 18 | M115: =CEILING((50*0.345),1) -> 18
E116: =CEILING((90*0.345),1) -> 32 | I116: =CEILING((90*0.345),1) -> 32 | M116: =CEILING((90*0.345),1) -> 32
A118: Display Area | F118: Extract
...

Sheet Analog
A3: Analog Scaling | N3: Modes
A4: 0-10V | N4: Loading | O4: Single
A5: Volts | O5: Multi
A6: 0 | B6: 10 | N6: Batch Furnace
A7: Raw Value | N7: Auto
A8: 0 | B8: 8192 | N8: Single
A9: Actual Speed m/min | N9: Pair
A10: 0 | B10: 15 | N10: Fours
A11: Record Raw Value and actual speed of external equipment into permanent variables. Overwrite every time it is recorded. | N11: Offline Batching
A12: e.g. | N12: Continuous Furnace
A13: 10m/min | B13: 5461 | N13: Offline loading
A14: Use Actual speed to compare to 50m/min frequency of CRE.
A15: Scale values so that Analog Raw value equates to Frequency. | N15: Furnace Change
N17: Furnace Clear
A18: Use e.g. ScalePerm.CREScale | N18: Pulse
N19: On
A20: Create .SpeedAnalog to use in place of Speeds.Speed**** when using Analog following.
N21: Pause
A22: 0HZ | B22: 50Hz
A23: 0 | B23: 500
E28: 0 | G28: 52
A29: 5461 | B29: 8192 | C29: =B29*0.8 -> 6553.6 | E29: 0 | G29: 50
B30: =A29/B29 -> 0.66662598
G31: =G29/G28 -> 0.96153846
B32: =A29/10 -> 546.1 | C32: =B32*50 -> 27305 | D32: =C32*(52/50) -> 28397.2
D33: 5461
B36: 4 | C36: 20
B37: 0 | C37: 20
B41: 8192 | C41: 15 | D41: 50 | E41: =D41/C41 -> 3.3333333 | F41: =B41*E41 -> 27306.667
B44: 5461 | C44: 10 | D44: 50 | E44: =((B44/C44)*D44)*0.8 -> 21844
B45: 5461 | C45: 10 | D45: 40 | E45: =((B45/C45)*D45) -> 21844

Sheet Ashton FB
A1: TrackBit Function Block
A3: VAR_INPUT | E3: VAR_OUTPUT | I3: VAR
C4: Description | G4: Description | K4: Description
A5: FixedIN.Control | B5: BOOL | C5: Control Circuit ON | E5: Active | F5: BOOL | G5: Track Bit is currently Active | I5: DelayTON | J5: TON | K5: Time Delay used either for Timeout or Track bit delay
A6: FixedIN.ESClearing | B6: BOOL | C6: During Estop Recovery | E6: Done | F6: BOOL | G6: Track Bit Done conditions are TRUE | I6: INITBlock | J6: USINT | K6: Use to block processing of End Condition for 2 scans
A7: RunBlock | B7: BOOL | C7: Set high to disable Conveyor Run Output, iF OFF conveyor run signal will be TRUE. | E7: Disp | F7: Display_enum | G7: Visualisation control for Track Bit | I7: TimeoutACKLatch | J7: BOOL | K7: Latch on TimeoutACK while TrackBit active
A8: SolBlock | B8: BOOL | C8: Set high to disable Solenoid activation, if OFF solenoid out signal will be TRUE. | E8: ESDisp | F8: Display_enum | G8: Visualisation control for Track Bit during Estop Recovery
A9: Analog | B9: USINT | C9: Analog Selection, 0 = No Analog | E9: RunOUT | F9: BOOL | G9: Conveyor Run Output
A10: Speed | B10: REAL | C10: Speed Reference Input. | E10: SolOUT | F10: BOOL | G10: Solenoid activation output. Will always be TRUE. Negate as required.
A11: SpeedAnalog | B11: REAL | C11: Analog Speed Reference | E11: SpeedOUT | F11: REAL | G11: Conveyor Run speed reference
A12: SpeedMatchEN | B12: BOOL | C12: Speed Match Enable, speed has to match speed of another conveyor | E12: TimeoutOUT | F12: BOOL | G12: Timeout delay has timed out
A13: SpeedMatch | B13: REAL | C13: Speed Match reference
A14: TimeoutBlock | B14: BOOL | C14: Block for timeout, if OFF timeout will continue
A15: TimeoutEN | B15: BOOL | C15: Enable timeout for this TrackBit
A16: TrackDelayEN | B16: BOOL | C16: Enable Delay for this TrackBit, where end condition is delay done.
A17: DelayPT | B17: UDINT | C17: Preset time for timeout
A18: TimeoutACK | B18: BOOL | C18: Timeout Acknowledge
A19: EndIN | B19: BOOL | C19: End of Tracking Bit Condition
A20: DoneIN | B20: BOOL | C20: Early End of Tracking Bit Condition
A21: EndCondition | B21: USINT | C21: End Condition type, EDGEPOS, EDGENEG, NO, NC.
A25: TrackingSection Function Block | E25: VAR_OUTPUT | I25: VAR
A26: VAR_INPUT | G26: Description | K26: Description
C27: Description | E27: Busy | F27: BOOL | G27: Tracking section is currently Busy | I27: CurrentTime | J27: TIME | K27: Current captured time
A28: Blocks | B28: ARRAY[0..12]OF BOOL | C28: Block conditions of Following section | E28: Blocked | F28: BOOL | G28: Block conditions for following section is active | I28: PreviousTime | J28: TIME | K28: Previous captured time
A29: Clear | B29: BOOL | C29: Control to be selected for clearing during Estop Recovery | E29: BusyDisp | F29: Display_enum | G29: Visualisation control for Mimic screen | I29: ElapsedTime | J29: UDINT | K29: Elapsed/Cycle time
A30: ResES | B30: BOOL | C30: Reset Index during Estop recovery | E30: Index | F30: USINT | G30: Index for TrackBits CASE statement | I30: i | J30: USINT | K30: Index for Blocks[0..12]
A31: ResMan | B31: BOOL | C31: Reset Index from Mimic screen with greater than OPERATOR level | E31: Width | F31: REAL | G31: Data Tracking
A32: IndexIN | B32: USINT | C32: New Index Value | E32: Length | F32: REAL | G32: Data Tracking
A33: BlockInhib | B33: BOOL | C33: Override Block conditions, e.g. for early restart. | E33: Longest | F33: REAL | G33: Data Tracking
A34: WidthIN | B34: REAL | C34: Data Tracking | E34: RowBlock | F34: BOOL | G34: Process Tracking
A35: LengthIN | B35: REAL | C35: Data Tracking | E35: Change | F35: BOOL | G35: Process Tracking
A36: LongestIN | B36: REAL | C36: Data Tracking | E36: ArrissUpper | F36: BOOL | G36: Process Tracking
A37: RowBlockIN | B37: BOOL | C37: Process Tracking | E37: ArrissLower | F37: BOOL | G37: Process Tracking
A38: ChangeIN | B38: BOOL | C38: Process Tracking | E38: EdgeDelete | F38: BOOL | G38: Process Tracking
A39: ArrissUpperIN | B39: BOOL | C39: Process Tracking | E39: VerticalBelt | F39: BOOL | G39: Process Tracking
A40: ArrissLowerIN | B40: BOOL | C40: Process Tracking | E40: Cycle | F40: REAL | G40: Calculated cycle time
A41: EdgeDeleteIN | B41: BOOL | C41: Process Tracking | E41: FixedOUT.Control | F41: BOOL | G41: To FixedIN.Control for each TrackBit
A42: VerticalBeltIN | B42: BOOL | C42: Process Tracking | E42: FixedOUT.ESClearing | F42: BOOL | G42: To FixedIN.ESClearing for each TrackBit
A43: ControlIN | B43: BOOL | C43: Control.Achieved
A46: ARRAY[0..12]OF BOOL
A47: Blocks[0] | C47: Tracking**.Busy
A48: Blocks[1] | C48: Track***.Active
A49: Blocks[2] | C49: Inverter Fault 1
A50: Blocks[3] | C50: Inverter Fault 2
A51: Blocks[4] | C51: BOOL CONDIITON
A52: Blocks[5] | C52: BOOL CONDITION
A53: Blocks[6] | C53: Control.ESClear
A54: Blocks[7] | C54: NOT(Control.Achieved)
A55: Blocks[8]
A56: Blocks[9]
A57: Blocks[10]
A58: Blocks[11]
A59: Blocks[12]
A62: ControlFB
A63: VAR_INPUT | E63: VAR_OUTPUT | I63: VAR
A65: Start | B65: BOOL | E65: Achieved1 | F65: BOOL | I65: BuzzerTON | J65: TON
A66: Stop | B66: BOOL | E66: Achieved2 | F66: BOOL | I66: StandbyTON | J66: TON
A67: EStop1 | B67: BOOL | E67: Buzzer | F67: BOOL | I67: Grn | J67: ARRAY[0..2] OF BOOL
A68: EStop2 | B68: BOOL | E68: Empty | F68: BOOL | I68: Yel | J68: ARRAY[0..2] OF BOOL
A69: BuzzBlock | B69: BOOL | E69: OnLmp1 | F69: BOOL | I69: Red | J69: ARRAY[0..2] OF BOOL
A70: StandbyBlock | B70: BOOL | E70: OnLmp2 | F70: BOOL | I70: TSecOff | J70: BOOL
A71: Auto | B71: BOOL | E71: GrnLmp | F71: BOOL | I71: TSecOn | J71: BOOL
A72: Test | B72: BOOL | E72: YelLmp | F72: BOOL | I72: TSecOFF | J72: TON
A73: ESClear | B73: BOOL | E73: RedLmp | F73: BOOL | I73: TSecON | J73: TON
A74: Paused | B74: BOOL | I74: StopLatch | J74: BOOL
A75: Alarm | B75: BOOL | I75: StopDone | J75: BOOL
A76: Warning | B76: BOOL | I76: i | J76: USINT
A77: CountIN | B77: ARRAY[0..19] OF BOOL | I77: EStopStartTON | J77: TON
A78: BuzzerPT | B78: UDINT
A79: StandbyPT | B79: UDINT
A92: Modes
A93: Seaming
